/*
Navicat MySQL Data Transfer

Source Server         : 百度云
Source Server Version : 50651
Source Host           : 182.61.57.248:3306
Source Database       : exam

Target Server Type    : MYSQL
Target Server Version : 50651
File Encoding         : 65001

Date: 2021-11-10 21:45:53
*/

SET FOREIGN_KEY_CHECKS=0;

-- ----------------------------
-- Table structure for examination
-- ----------------------------
DROP TABLE IF EXISTS `examination`;
CREATE TABLE `examination` (
  `id` int(11) NOT NULL AUTO_INCREMENT,
  `exam_name` varchar(255) COLLATE utf8_bin DEFAULT NULL COMMENT '试卷名称',
  `Answer_time` int(255) DEFAULT NULL COMMENT '答题时间 分钟',
  `subject_id` int(11) DEFAULT NULL COMMENT '科目类型id',
  `exam_score` float(255,0) DEFAULT NULL COMMENT '试卷总分',
  `passing_score` float(255,0) DEFAULT NULL COMMENT '及格分数',
  `topic_num` int(11) DEFAULT NULL COMMENT '题目数量',
  `create_user_id` int(11) DEFAULT NULL COMMENT '创建者id',
  `create_time` datetime DEFAULT NULL COMMENT '创建时间',
  `update_user_id` int(11) DEFAULT NULL COMMENT '修改人id',
  `update_time` datetime DEFAULT NULL COMMENT '修改时间',
  `release_yn` int(10) DEFAULT NULL COMMENT '是否发布 0发布  1未发布',
  `delete_yn` int(255) DEFAULT NULL COMMENT '是否已经删除',
  PRIMARY KEY (`id`) USING BTREE
) ENGINE=InnoDB AUTO_INCREMENT=29 DEFAULT CHARSET=utf8 COLLATE=utf8_bin ROW_FORMAT=DYNAMIC;

-- ----------------------------
-- Records of examination
-- ----------------------------
INSERT INTO `examination` VALUES ('20', 'Day01-环境搭建', '120', '1', '130', '60', '17', '1', '2021-10-08 15:44:55', '1', '2021-10-22 13:46:55', '0', '0');
INSERT INTO `examination` VALUES ('23', '测试', '120', '1', '5', '60', '1', '1', '2021-10-18 14:27:41', '1', '2021-10-19 08:44:29', '1', '1');
INSERT INTO `examination` VALUES ('24', '测试试卷', '120', '1', '10', '60', '1', '1', '2021-10-19 14:57:14', '4', '2021-10-27 11:04:39', '0', '1');
INSERT INTO `examination` VALUES ('25', 'Day2-变量属性', '120', '4', '10', '60', '1', '1', '2021-11-02 13:30:04', '1', '2021-11-02 13:30:23', '0', '1');
INSERT INTO `examination` VALUES ('26', 'Day02 - 变量/数据类型', '120', '1', '140', '60', '20', '1', '2021-11-08 08:42:42', '1', '2021-11-08 11:02:31', '0', '0');
INSERT INTO `examination` VALUES ('27', '', '120', null, '10', '60', '1', '42', '2021-11-10 15:38:11', '42', '2021-11-10 15:38:11', '1', '1');
INSERT INTO `examination` VALUES ('28', '', '120', null, '10', '60', '1', '42', '2021-11-10 15:38:56', '42', '2021-11-10 15:38:56', '1', '1');

-- ----------------------------
-- Table structure for menu
-- ----------------------------
DROP TABLE IF EXISTS `menu`;
CREATE TABLE `menu` (
  `id` int(10) NOT NULL AUTO_INCREMENT,
  `title` varchar(100) COLLATE utf8_bin DEFAULT NULL COMMENT '标题',
  `level` int(10) DEFAULT NULL COMMENT '等级',
  `icon` varchar(50) COLLATE utf8_bin DEFAULT NULL COMMENT '图标',
  `url` varchar(50) COLLATE utf8_bin DEFAULT NULL COMMENT '路径',
  `name` varchar(50) COLLATE utf8_bin DEFAULT NULL COMMENT '文件名',
  `shows` varchar(10) COLLATE utf8_bin DEFAULT NULL COMMENT '是否展示',
  `priority` int(10) DEFAULT NULL COMMENT '优先级',
  `parent_id` int(10) DEFAULT NULL COMMENT '上级id',
  `role` int(10) DEFAULT NULL COMMENT '0 管理员  1 教师   2 学生   3 所有人 查看权限',
  `delete_yn` int(10) DEFAULT NULL COMMENT '0 未删除 1删除',
  PRIMARY KEY (`id`) USING BTREE
) ENGINE=InnoDB AUTO_INCREMENT=28 DEFAULT CHARSET=utf8 COLLATE=utf8_bin ROW_FORMAT=DYNAMIC;

-- ----------------------------
-- Records of menu
-- ----------------------------
INSERT INTO `menu` VALUES ('1', '系统管理', '1', 'el-icon-s-tools', null, null, 'true', '10', null, '3', '0');
INSERT INTO `menu` VALUES ('2', '首页', '2', null, '/home', 'Home', 'true', '10', '1', '3', '0');
INSERT INTO `menu` VALUES ('3', '个人信息', '2', null, '/userInfo', 'UserInfo', 'true', '9', '1', '3', '0');
INSERT INTO `menu` VALUES ('4', '用户管理', '1', 'el-icon-user-solid', null, null, 'true', '9', null, '0', '0');
INSERT INTO `menu` VALUES ('5', '用户列表', '2', null, '/user', 'User', 'true', '10', '4', '0', '0');
INSERT INTO `menu` VALUES ('6', '试卷管理', '1', 'el-icon-notebook-2', null, '', 'true', '8', null, '1', '0');
INSERT INTO `menu` VALUES ('7', '创建试卷', '2', null, '/createExam', 'CreateExam', 'true', '10', '6', '1', '0');
INSERT INTO `menu` VALUES ('8', '试卷列表', '2', null, '/examList', 'ExamList', 'true', '9', '6', '1', '0');
INSERT INTO `menu` VALUES ('9', '试卷类型', '2', '', '/subject', 'Subject', 'true', '8', '6', '1', '0');
INSERT INTO `menu` VALUES ('10', '考试管理', '1', 'el-icon-reading', null, null, 'true', '7', null, '2', '0');
INSERT INTO `menu` VALUES ('11', '试卷列表', '2', null, '/testPaperList', 'TestPaperList', 'true', '10', '10', '2', '0');
INSERT INTO `menu` VALUES ('12', '学生试卷', '2', '', '/testPaperStu', 'TestPaperStu', 'false', '9', '10', '2', '0');
INSERT INTO `menu` VALUES ('13', '成绩排行', '2', null, '/userRanking', 'UserRanking', 'true', '8', '10', '2', '0');
INSERT INTO `menu` VALUES ('14', '题库管理', '1', 'el-icon-collection', null, null, 'true', '6', null, '1', '0');
INSERT INTO `menu` VALUES ('15', '题库列表', '2', null, '/topicList', 'TopicList', 'true', '10', '14', '1', '0');
INSERT INTO `menu` VALUES ('16', '修改试题', '2', '', '/editTopic', 'EditTopic', 'false', '9', '14', '1', '0');
INSERT INTO `menu` VALUES ('17', '关系列表', '2', null, '/reationList', 'ReationList', 'true', '8', '14', '1', '0');
INSERT INTO `menu` VALUES ('18', '成绩管理', '1', 'el-icon-s-data', null, null, 'true', '5', null, '1', '0');
INSERT INTO `menu` VALUES ('19', '批改试卷', '2', null, '/gradingOfPapersList', 'GradingOfPapersList', 'true', '10', '18', '1', '0');
INSERT INTO `menu` VALUES ('20', '教师批改试卷', '2', '', '/markTestPaper', 'MarkTestPaper', 'false', '9', '18', '1', '0');
INSERT INTO `menu` VALUES ('21', '成绩排行', '2', null, '/ranking', 'Ranking', 'true', '8', '18', '1', '0');
INSERT INTO `menu` VALUES ('22', '修改试卷', '2', '', '/editExam', 'EditExam', 'false', '7', '6', '1', '0');
INSERT INTO `menu` VALUES ('23', '菜单管理', '1', 'el-icon-menu', '', '', 'true', '4', null, '0', '0');
INSERT INTO `menu` VALUES ('24', '学生查看成绩', '2', '', '/testPaperStuQueryGrade', 'TestPaperStuQueryGrade', 'false', '7', '10', '2', '0');
INSERT INTO `menu` VALUES ('25', '菜单列表', '2', null, '/menuAll', 'MenuAll', 'true', '10', '23', '0', '0');
INSERT INTO `menu` VALUES ('26', 'sql监控', '1', 'el-icon-message-solid', '', '', 'true', '2', null, '3', '0');
INSERT INTO `menu` VALUES ('27', 'sql列表', '2', '', '/user', 'User', 'false', '10', '26', '3', '0');

-- ----------------------------
-- Table structure for reation
-- ----------------------------
DROP TABLE IF EXISTS `reation`;
CREATE TABLE `reation` (
  `id` int(11) NOT NULL AUTO_INCREMENT,
  `exam_id` int(11) NOT NULL COMMENT '试卷id',
  `topic_id` int(11) NOT NULL COMMENT '题目id',
  `topic_type` int(11) DEFAULT NULL COMMENT '试题类别',
  `delete_yn` int(11) DEFAULT NULL COMMENT '0 未删除  1已删除',
  PRIMARY KEY (`id`) USING BTREE
) ENGINE=InnoDB AUTO_INCREMENT=67 DEFAULT CHARSET=utf8 COLLATE=utf8_bin ROW_FORMAT=DYNAMIC;

-- ----------------------------
-- Records of reation
-- ----------------------------
INSERT INTO `reation` VALUES ('25', '20', '25', '0', '0');
INSERT INTO `reation` VALUES ('26', '20', '26', '0', '0');
INSERT INTO `reation` VALUES ('27', '20', '27', '1', '0');
INSERT INTO `reation` VALUES ('28', '20', '28', '0', '0');
INSERT INTO `reation` VALUES ('29', '20', '29', '2', '0');
INSERT INTO `reation` VALUES ('30', '20', '30', '2', '0');
INSERT INTO `reation` VALUES ('31', '20', '31', '4', '0');
INSERT INTO `reation` VALUES ('32', '20', '32', '4', '0');
INSERT INTO `reation` VALUES ('33', '20', '33', '4', '0');
INSERT INTO `reation` VALUES ('34', '20', '34', '3', '0');
INSERT INTO `reation` VALUES ('35', '20', '35', '3', '0');
INSERT INTO `reation` VALUES ('36', '20', '36', '3', '0');
INSERT INTO `reation` VALUES ('37', '20', '37', '3', '0');
INSERT INTO `reation` VALUES ('38', '20', '38', '1', '0');
INSERT INTO `reation` VALUES ('39', '20', '39', '4', '0');
INSERT INTO `reation` VALUES ('41', '20', '41', '5', '0');
INSERT INTO `reation` VALUES ('42', '20', '42', '5', '0');
INSERT INTO `reation` VALUES ('45', '26', '45', '0', '0');
INSERT INTO `reation` VALUES ('46', '26', '46', '0', '0');
INSERT INTO `reation` VALUES ('47', '26', '47', '0', '0');
INSERT INTO `reation` VALUES ('48', '26', '48', '1', '0');
INSERT INTO `reation` VALUES ('49', '26', '49', '2', '0');
INSERT INTO `reation` VALUES ('50', '26', '50', '2', '0');
INSERT INTO `reation` VALUES ('51', '26', '51', '3', '0');
INSERT INTO `reation` VALUES ('52', '26', '52', '3', '0');
INSERT INTO `reation` VALUES ('53', '26', '53', '3', '0');
INSERT INTO `reation` VALUES ('54', '26', '54', '3', '0');
INSERT INTO `reation` VALUES ('55', '26', '55', '3', '0');
INSERT INTO `reation` VALUES ('56', '26', '56', '0', '0');
INSERT INTO `reation` VALUES ('57', '26', '57', '4', '0');
INSERT INTO `reation` VALUES ('58', '26', '58', '4', '0');
INSERT INTO `reation` VALUES ('59', '26', '59', '4', '0');
INSERT INTO `reation` VALUES ('60', '26', '60', '4', '0');
INSERT INTO `reation` VALUES ('61', '26', '61', '5', '0');
INSERT INTO `reation` VALUES ('62', '26', '62', '5', '0');
INSERT INTO `reation` VALUES ('63', '26', '63', '5', '0');
INSERT INTO `reation` VALUES ('64', '26', '64', '5', '0');
INSERT INTO `reation` VALUES ('65', '27', '65', '0', '1');
INSERT INTO `reation` VALUES ('66', '28', '66', '5', '1');

-- ----------------------------
-- Table structure for subject
-- ----------------------------
DROP TABLE IF EXISTS `subject`;
CREATE TABLE `subject` (
  `id` int(11) NOT NULL AUTO_INCREMENT,
  `subject_name` varchar(255) COLLATE utf8_bin DEFAULT NULL COMMENT '类别名称',
  `create_user_id` int(11) DEFAULT NULL COMMENT '创建人id',
  `create_time` datetime DEFAULT NULL COMMENT '创建时间',
  `update_user_id` int(11) DEFAULT NULL COMMENT '修改人id',
  `update_time` datetime DEFAULT NULL COMMENT '修改时间',
  `delete_yn` int(255) DEFAULT NULL COMMENT '0 删除  1未删除',
  PRIMARY KEY (`id`) USING BTREE
) ENGINE=InnoDB AUTO_INCREMENT=8 DEFAULT CHARSET=utf8 COLLATE=utf8_bin ROW_FORMAT=DYNAMIC;

-- ----------------------------
-- Records of subject
-- ----------------------------
INSERT INTO `subject` VALUES ('1', 'java基础', '1', '2021-09-13 13:59:17', '1', '2021-10-08 15:30:04', '0');
INSERT INTO `subject` VALUES ('6', 'javaWeb', '1', '2021-11-07 22:34:26', '1', '2021-11-07 22:34:26', '0');
INSERT INTO `subject` VALUES ('7', 'java框架', '1', '2021-11-07 22:34:34', '1', '2021-11-07 22:34:34', '0');

-- ----------------------------
-- Table structure for topic
-- ----------------------------
DROP TABLE IF EXISTS `topic`;
CREATE TABLE `topic` (
  `id` int(11) NOT NULL AUTO_INCREMENT COMMENT '主键id',
  `topic_type` int(10) DEFAULT NULL COMMENT '0 单选题  1 多选题  2判断题 3填空题 4 简答题 5 代码题',
  `question` text COLLATE utf8_bin COMMENT '问题',
  `optionss` text COLLATE utf8_bin COMMENT '选项',
  `photo_path` varchar(255) COLLATE utf8_bin DEFAULT NULL COMMENT '图片路径',
  `answer` text COLLATE utf8_bin COMMENT '答案',
  `score` float(255,0) DEFAULT NULL COMMENT '分数',
  `analysis` text COLLATE utf8_bin COMMENT '解析',
  `difficulty` varchar(255) COLLATE utf8_bin DEFAULT NULL COMMENT '简单  中等  困难',
  `create_user_id` int(255) DEFAULT NULL COMMENT '创建人id',
  `create_time` datetime DEFAULT NULL COMMENT '创建时间',
  `update_user_id` int(11) DEFAULT NULL COMMENT '修改人id',
  `update_time` datetime DEFAULT NULL COMMENT '修改时间',
  `delete_yn` int(255) DEFAULT NULL COMMENT '0 未删除  1已删除',
  PRIMARY KEY (`id`) USING BTREE
) ENGINE=InnoDB AUTO_INCREMENT=67 DEFAULT CHARSET=utf8 COLLATE=utf8_bin ROW_FORMAT=DYNAMIC;

-- ----------------------------
-- Records of topic
-- ----------------------------
INSERT INTO `topic` VALUES ('25', '0', 0x3C703EE4B88BE58897E58685E5AEB9E68F8FE8BFB0E99499E8AFAFE79A84E698AF3F3C62723E3C2F703E, 0x20E4B880E4B8AAE6BA90E69687E4BBB6E4B8ADEFBC8CE58FAFE4BBA5E5AE9AE4B989E5A49AE4B8AAE7B1BB7CE4B880E4B8AAE6BA90E69687E4BBB6E8A2ABE7BC96E8AF91E4B98BE5908EEFBC8CE58FAFE883BDE7949FE68890E5A49AE4B8AA2E636C61737320E69687E4BBB67CE4B880E4B8AAE6BA90E69687E4BBB6E4B8ADEFBC8CE69C80E5A49AE5AE9AE4B989E4B880E4B8AA206D61696E20E587BDE695B07CE4B880E4B8AAE6BA90E69687E4BBB6E4B8ADEFBC8CE69C80E5A49AE58FAFE4BBA5E5AE9AE4B989E4B880E4B8AAE585ACE5BC80E7B1BBEFBC8CE8808CE4B894E6ADA4E7B1BBE5908DE5BF85E9A1BBE5928CE6BA90E69687E4BBB6E5908DE5AE8CE585A8E4B880E887B4, null, 0xE4B880E4B8AAE6BA90E69687E4BBB6E4B8ADEFBC8CE69C80E5A49AE5AE9AE4B989E4B880E4B8AA206D61696E20E587BDE695B0, '5', 0x3C703E43E98089E9A1B920E4B880E4B8AAE6BA90E69687E4BBB6E4B8ADEFBC8CE69C80E5A49AE5AE9AE4B989E4B880E4B8AA206D61696E20E587BDE695B020E8BF99E58FA5E8AF9DE99499E8AFAF3C2F703E3C703EE59BA0E4B8BA3C7374726F6E673EE999A4E4BA86E585ACE5BC80E7B1BBE8BF98E698AFE58FAFE4BBA5E5AE9AE4B989E5BE88E5A49AE99D9EE585ACE5BC80E79A84E7B1BB2CE8BF99E4BA9BE7B1BBE4B99FE58FAFE4BBA5E5AE9AE4B9896D61696EE587BDE695B03C2F7374726F6E673E2CE6958543E99499E8AFAFE380823C2F703E, '中等', '1', '2021-10-08 15:44:55', '1', '2021-10-27 13:36:30', '0');
INSERT INTO `topic` VALUES ('26', '0', 0x3C703EE4BD9CE4B8BA204A61766120E5BA94E794A8E7A88BE5BA8FE585A5E58FA3E79A84206D61696E20E696B9E6B395EFBC8CE585B6E58699E6B395E6A0BCE5BC8FE698AF3C62723E3C2F703E, 0x7075626C69632073746174696320696E74206D61696E28537472696E672061726773297B7D7C7075626C69632073746174696320766F6964206D69616E28537472696E675B5D2061726773297B7D7C7075626C69632073746174696320766F6964206D61696E28537472696E675B5D2061726773297B7D7C7075626C696320766F6964206D61696E28537472696E675B5D2061726773297B7D, null, 0x7075626C69632073746174696320766F6964206D61696E28537472696E675B5D2061726773297B7D, '5', 0x3C6469763E41E98089E9A1B9206D61696EE587BDE695B0E698AF3C7374726F6E673EE6B2A1E69C89E8BF94E59B9EE580BC3C2F7374726F6E673EE79A842CE4BD86E698AFE4BB96E8BF94E59B9EE4BA86696E74E69585E99499E8AFAF3C2F6469763E3C6469763E42E98089E9A1B9266E6273703B3C7374726F6E673E6D61696EE58699E68890E4BA866D69616E3C2F7374726F6E673E266E6273703BE8BF99E698AFE4B880E4B8AAE69C80E5AEB9E69893E78AAFE5BE97E99499E8AFAF3C2F6469763E3C6469763E44E98089E9A1B9206D61696EE587BDE695B0E698AFE99D99E68081E696B9E6B395EFBC8CE4BB963C7374726F6E673EE6B2A1E69C89E58699E99D99E68081E6A087E8AF86E7ACA63C2F7374726F6E673EE69585E99499E8AFAF3C2F6469763E, '简单', '1', '2021-10-08 15:44:55', '1', '2021-10-08 15:44:55', '0');
INSERT INTO `topic` VALUES ('27', '1', 0x3C703EE4B88BE99DA2E587A0E4B8AAE6A087E8AF86E7ACA6E4B8ADEFBC8CE593AAE4BA9BE698AFE591BDE5908DE6ADA3E7A1AEE79A842820293C2F703E, 0x4C6F76654A6176617C2432307C6C6561726E406A6176617C616E746F6E792E6C65657C48656C6C6F5F576F726C647C327469676572737C5075626C69637CE59586E59381, null, 0x5075626C69637CE59586E593817C616E746F6E792E6C65657C2432307C4C6F76654A6176617C48656C6C6F5F576F726C64, '10', 0x3C703EE8BF99E98193E9A298E4B8BBE8A681E88083E5AF9FE59FBAE7A180E58F98E9878F20266E6273703BE6A0B9E68DAEE5AE9AE4B9893C7374726F6E673E266E6273703B6A617661E591BDE5908DE4B88DE883BDE4BBA5E695B0E5AD9720E789B9E6AE8AE5AD97E7ACA620E585B3E994AEE5AD97E591BDE5908D3C2F7374726F6E673E266E6273703B266E6273703BE982A3E4B98840E5B0B1E698AFE789B9E6AE8AE5AD97E7ACA6E68980E4BBA543E99499E8AFAF20266E6273703B46E4BBA5E695B0E5AD97E5BC80E5A4B4E68980E4BBA5E99499E8AFAF20266E6273703BE5BE88E5A49AE5B08FE4BC99E4BCB4E5AFB9E4BA8E48E4B88DE8A7A320E585B6E5AE9E6A617661E4B8ADE698AFE58581E8AEB8E4B8ADE69687E591BDE5908DE79A84E58FAAE698AFE4B88DE68EA8E88D902CE58F88E69C89E4BABAE8AFB447E4B88DE698AFE585B3E994AEE5AD97E5909720266E6273703B47E8BF98E79C9FE4B88DE698AFE59BA0E4B8BA207075626C696320E698AFE5B08FE58699E380823C62723E3C2F703E, '困难', '1', '2021-10-14 08:19:38', '1', '2021-10-27 13:36:10', '0');
INSERT INTO `topic` VALUES ('28', '0', 0x3C703E4A61766120E698AFE4B880E7A78D5F5F5F5FE8AFADE8A8803C2F703E, 0xE69CBAE599A87CE6B187E7BC967CE99DA2E59091E5AFB9E8B1A17CE99DA2E59091E8BF87E7A88B, null, 0xE99DA2E59091E5AFB9E8B1A1, '5', 0x3C703EE59FBAE7A180E9A29820266E6273703B6A617661E698AFE4B880E7A78DE99DA2E59091E5AFB9E8B1A1E79A84E7BC96E7A88BE8AFADE8A88020266E6273703BE4B887E789A9E79A86E58FAFE5AFB9E8B1A13C62723E3C2F703E, '简单', '1', '2021-10-14 08:33:55', '1', '2021-10-14 08:33:55', '0');
INSERT INTO `topic` VALUES ('29', '2', 0x3C703E4A617661E79A84E6BA90E4BBA3E7A081E4B8ADE5AE9AE4B989E587A0E4B8AAE7B1BBEFBC8CE7BC96E8AF91E7BB93E69E9CE5B0B1E7949FE68890E587A0E4B8AAE4BBA5E2809C2E636C617373E2809DE5908EE7BC80E79A84E5AD97E88A82E7A0813C62723E3C2F703E, null, null, 0x74727565, '5', 0x3C703EE4B880E888ACE6BA90E69687E4BBB62CE58DB3E4B880E4B8AA2E6A617661E69687E4BBB620E58FAFE4BBA5E69C89E5BE88E5A49AE7B1BB20E69C80E5908EE7BC96E8AF91E79A84E697B6E58099E5B0B1E4BC9AE7949FE68890E5BE88E5A49A2E636C617373E79A84E69687E4BBB63C62723E3C2F703E, '简单', '1', '2021-10-14 09:18:35', '1', '2021-10-14 09:18:35', '0');
INSERT INTO `topic` VALUES ('30', '2', 0x3C703E6A617661E99DA2E59091E5AFB9E8B1A1E8B79FE99DA2E59091E8BF87E7A88BE698AFE4B880E6A0B7E79A84EFBC9F3C62723E3C2F703E, null, null, 0x66616C7365, '5', 0x3C703EE4B88DE4B880E6A0B720266E6273703BE99DA2E59091E8BF87E7A88BE698AFE6B3A8E9878DE8BF87E7A88B20E4BE8BE5A68220E68891E99C80E8A681E59083E4B880E7A297E99DA220E99DA2E59091E8BF87E7A88BE698AF20E4BB8EE5B08FE9BAA620E99D92E88F9C20E59084E7A78DE58E9FE69D90E69699E887AAE5B7B1E58AA8E6898BE5819A20266E6273703BE4BD86E698AFE99DA2E59091E5AFB9E8B1A1E5B0B1E698AF20E79BB4E68EA5E58EBBE99DA2E9A68620E997AEE88081E69DBFE8A681E4B880E4BBBDE99DA220E88081E69DBFE58EBBE5AE8CE68890E5819AE99DA2E8BF99E4B8AAE8BF87E7A88B20266E6273703BE68980E4BBA5E592B1E4BBACE8A681E4BA86E4B880E7A297E99DA2E5B0B1E698AFE8A681E4BA86E4B880E4B8AAE5AFB9E8B1A1EFBC8CE8BF99E4B99FE698AF6A617661E4B8ADE79A84E4B887E789A9E79A86E5AFB9E8B1A13C62723E3C2F703E, '简单', '1', '2021-10-14 09:26:52', '1', '2021-10-14 09:26:52', '0');
INSERT INTO `topic` VALUES ('31', '4', 0x3C703EE7AE80E8BFB0204A61766120E8AFADE8A880E79A84E689A7E8A18CE69CBAE588B63C62723E3C2F703E, null, null, 0x312EE58588E5B0862E6A617661E69687E4BBB6E7BC96E8AF91E4B8BA2E636C617373E69687E4BBB67C322EE5B0862E636C617373E69687E4BBB6E9809AE8BF876A766DE8999AE68B9FE69CBAE8A7A3E9878AE689A7E8A18C, '5', 0x3C6469763E312EE58588E5B0862E6A617661E69687E4BBB6E7BC96E8AF91E4B8BA2E636C617373E69687E4BBB63C2F6469763E3C6469763E322EE5B0862E636C617373E69687E4BBB6E9809AE8BF876A766DE8999AE68B9FE69CBAE8A7A3E9878AE689A7E8A18C3C2F6469763E, '中等', '1', '2021-10-14 09:32:03', '1', '2021-10-14 09:32:03', '0');
INSERT INTO `topic` VALUES ('32', '4', 0x3C703EE7AE80E8BFB020707562696320636C61737320546573747B2E2E2E7D20E5928C20636C61737320546573747B2E2E2E7D20E79A84E58CBAE588AB3F3C62723E3C2F703E, null, null, 0x20707562696320636C617373E698AFE585ACE5BC80E7B1BB7C636C6173732054657374E698AFE99D9EE585ACE5BC80E7B1BB7CE585ACE5BC80E7B1BBE58FAAE883BDE69C89E4B880E4B8AA7CE99D9EE585ACE5BC80E7B1BBE58FAFE4BBA5E69C89E5BE88E5A49AE4B8AA, '5', 0x3C703EE8BF99E9A298E88083E79A84E5B0B1E698AFE69C80E59FBAE7A180E79A84E7B1BBE79A84E58CBAE588AB2CE6ADA3E5B8B8E68891E4BBAC6A617661E4B8ADE79A84E7B1BBE58886E4B8BAE585ACE5BC80E7B1BBE5928CE99D9EE585ACE5BC80E7B1BB2C20E585ACE5BC80E7B1BBE9809AE5B8B82E6A617661E6BA90E69687E4BBB6E69C89E4B894E58FAAE883BDE69C89E4B880E4B8AAE4B894E4B88EE6BA90E69687E4BBB6E5908DE79BB8E5908C2CE8808CE99D9EE585ACE5BC80E7B1BBE58FAFE4BBA5E5889BE5BBBAE697A0E695B0E4B8AA3C62723E3C2F703E, '简单', '1', '2021-10-14 09:32:03', '1', '2021-10-14 09:32:03', '0');
INSERT INTO `topic` VALUES ('33', '4', 0x3C6469763EE4BB94E7BB86E99885E8AFBBE4BBA5E4B88BE4BBA3E7A081EFBC8CE7A88BE5BA8FE4B8ADE69C89E587A0E5A484E99499E8AFAFEFBC8CE58886E588ABE58699E587BAE99499E8AFAFE79A84E58E9FE59BA0E380823C2F6469763E3C707265206C616E673D224A61766122207468656D653D226C69676874223E3C64697620636C6173733D2274622D636F64652D6C696E652D6E756D6265722D6267223E3C2F6469763E3C64697620636C6173733D2274622D636F64652D636F6E74656E74223E3C64697620636C6173733D2274622D636F64652D6C696E65223E3C636F64653E3C7370616E20636C6173733D2274622D686C2D6B6579776F7264223E636C6173733C2F7370616E3E266E6273703B3C7370616E20636C6173733D2274622D686C2D636C6173732D6E616D65223E5465737448656C6C6F3C2F7370616E3E266E6273703B7B3C2F636F64653E3C2F6469763E3C64697620636C6173733D2274622D636F64652D6C696E65223E3C636F64653E266E6273703B266E6273703B266E6273703B266E6273703B3C7370616E20636C6173733D2274622D686C2D6B6579776F7264223E7075626C69633C2F7370616E3E266E6273703B3C7370616E20636C6173733D2274622D686C2D6B6579776F7264223E7374617469633C2F7370616E3E266E6273703B3C7370616E20636C6173733D2274622D686C2D6B6579776F7264223E766F69643C2F7370616E3E266E6273703B3C7370616E20636C6173733D2274622D686C2D66756E6374696F6E223E6D61696E3C2F7370616E3E28737472696E675B5D206172677329207B3C2F636F64653E3C2F6469763E3C64697620636C6173733D2274622D636F64652D6C696E65223E3C636F64653E266E6273703B266E6273703B266E6273703B266E6273703B266E6273703B266E6273703B266E6273703B266E6273703B73797374656D206F7574266E6273703B3C7370616E20636C6173733D2274622D686C2D66756E6374696F6E223E7072696E746C6E3C2F7370616E3E283C7370616E20636C6173733D2274622D686C2D737472696E67223E22E5A4A7E5AEB6E5A5BDE68891E698AFE4B880E5908DE7A88BE5BA8FE59198223C2F7370616E3E293C2F636F64653E3C2F6469763E3C64697620636C6173733D2274622D636F64652D6C696E65223E3C636F64653E266E6273703B266E6273703B266E6273703B266E6273703B7D3C2F636F64653E3C2F6469763E3C64697620636C6173733D2274622D636F64652D6C696E65223E3C636F64653E7D3C2F636F64653E3C2F6469763E3C2F6469763E3C64697620636C6173733D2274622D7072652D6C616E67223E4A6176613C2F6469763E3C2F7072653E3C703E3C62723E3C2F703E, null, null, 0x737472696E675B5D2053E6B2A1E69C89E5A4A7E586997C2073797374656D206F7574207072696E746C6E20E7BCBAE5A4B12E20E5B9B6E4B89453E8A681E5A4A7E586997C73797374656D206F7574207072696E746C6E2822E5A4A7E5AEB6E5A5BDE68891E698AFE4B880E5908DE7A88BE5BA8FE59198222920E7A88BE5BA8FE7BB93E5B0BEE6B2A1E69C89E58886E58FB7, '5', 0x3C6469763E312E737472696E675B5D2053E6B2A1E69C89E5A4A7E586992D2D2D2D2D2667743B537472696E675B5D3C2F6469763E3C6469763E322E73797374656D206F7574207072696E746C6E20E7BCBAE5A4B12E20266E6273703BE5B9B6E4B89453E8A681E5A4A7E586992D2D2D2D2667743B53797374656D2E6F75742E7072696E746C6E3C2F6469763E3C6469763E332E73797374656D206F7574207072696E746C6E2822E5A4A7E5AEB6E5A5BDE68891E698AFE4B880E5908DE7A88BE5BA8FE59198222920E7A88BE5BA8FE7BB93E5B0BEE6B2A1E69C89E58886E58FB72D2D2D2667743B53797374656D2E6F75742E7072696E746C6E2822E5A4A7E5AEB6E5A5BDE68891E698AFE4B880E5908DE7A88BE5BA8FE5919822293B3C2F6469763E, '中等', '1', '2021-10-14 09:37:48', '1', '2021-10-14 09:37:48', '0');
INSERT INTO `topic` VALUES ('34', '3', 0x3C703EE7AE80E8BFB0204A61766120E8AFADE8A880E79A84E789B9E782B9E698AF28E4BBBBE6848FE8AFB4E4B889E4B8AA295B5D5B5D5B5D3C62723E3C2F703E, null, null, 0xE8B7A8E5B9B3E58FB07CE99DA2E59091E5AFB9E8B1A17CE7AE80E58D95, '10', 0x3C756C3E3C6C693EE4B8802EE7AE80E58D95E680A7EFBC9A204A617661E698AFE7BAAFE99DA2E59091E5AFB9E8B1A1E8AFADE8A880EFBC8CE8AFADE6B395E7AE80E58D95E6988EE4BA86EFBC8CE69893E4BA8EE68E8CE68FA1E38082204A617661E4BDBFE794A8E68EA5E58FA3E58F96E4BBA3E4BA86E5A49AE9878DE7BBA7E689BFEFBC8CE5B9B6E4B894E58F96E6B688E4BA86E68C87E99288EFBC8CE59BA0E4B8BAE5A49AE9878DE7BBA7E689BFE5928CE68C87E99288E4BC9AE4BDBFE7A88BE5BA8FE58F98E5BE97E5A48DE69D82E38082204A617661E8BF98E4BC9AE887AAE58AA8E59CB0E694B6E99B86E58685E5AD98E59E83E59CBEEFBC8CE4BDBFE5BE97E58685E5AD98E7AEA1E79086E58F98E5BE97E69BB4E4B8BAE7AE80E58D95E38082204A617661E8BF98E68F90E4BE9BE4BA86E4B8B0E5AF8CE79A84E7B1BBE5BA93E38081415049E69687E6A1A3E4BBA5E58F8AE7ACACE4B889E696B9E5BC80E58F91E58C85EFBC8CE8BF98E69C89E5A4A7E9878F4A617661E79A84E5BC80E6BA90E9A1B9E79BAEE38082266E6273703B3C2F6C693E3C2F756C3E3C756C3E3C6C693EE4BA8C2EE99DA2E59091E5AFB9E8B1A1E680A7EFBC9A20E99DA2E59091E5AFB9E8B1A1E680A7E4BA8B4A617661E8AFADE8A880E79A84E59FBAE7A180E38082206A617661E8AFADE8A880E68F90E580A1E2809CE4B887E789A9E79A86E5AFB9E8B1A1E2809DEFBC8CE8AFADE6B395E4B8ADE4B88DE883BDE59CA8E7B1BBE5A496E99DA2E5AE9AE4B989E58D95E78BACE79A84E695B0E68DAEE5928CE587BDE695B0E38082204A617661E8AFADE8A880E69C80E5A496E983A8E79A84E695B0E68DAEE7B1BBE59E8BE698AFE5AFB9E8B1A1EFBC8CE68980E69C89E79A84E58583E7B4A0E983BDE8A681E9809AE8BF87E7B1BBE5928CE5AFB9E8B1A1E69DA5E8AEBFE997AEE38082266E6273703B3C2F6C693E3C2F756C3E3C756C3E3C6C693EE4B8892EE58886E5B883E680A7EFBC9A204A617661E79A84E58886E5B883E680A7E58C85E68BACEFBC9A312EE6938DE4BD9CE58886E5B883E38082322EE695B0E68DAEE58886E5B88320E291B4E6938DE4BD9CE58886E5B883EFBC9AE58DB3E59CA8E5A49AE4B8AAE4B88DE5908CE79A84E4B8BBE69CBAE4B88AE4B88DE79FA5E79BB8E585B3E6938DE4BD9CE3808220E291B5E695B0E68DAEE58886E5B883EFBC9AE5B086E695B0E68DAEE58886E588ABE5AD98E694BEE59CA8E4B88DE5908CE79A84E4B8BBE69CBAE4B88AEFBC8CE8BF99E4BA9BE4B8BBE69CBAE698AFE7BD91E7BB9CE4B8ADE79A84E4B88DE5908CE68890E59198E38082266E6273703B3C2F6C693E3C2F756C3E3C756C3E3C6C693EE59B9B2EE58FAFE7A7BBE6A48DE680A7EFBC9A204A617661E7A88BE5BA8FE585B7E69C89E4B88EE4BD93E7B3BBE7BB93E69E84E697A0E585B3E79A84E789B9E680A7E38082204A617661E79A84E7B1BBE5BA93E4B99FE68F90E4BE9BE4BA86E99288E5AFB9E4B88DE5908CE5B9B3E58FB0E79A84E68EA5E58FA3EFBC8CE68980E69C89E8BF99E4BA9BE7B1BBE5BA93E4B99FE58FAFE4BBA5E8A2ABE7A7BBE6A48DE38082266E6273703B3C2F6C693E3C2F756C3E3C756C3E3C6C693EE4BA942EE5AE89E585A8E680A7204A617661E8AFADE8A880E588A0E999A4E4BA86E7B1BB43E8AFADE8A880E79A84E68C87E99288E5928CE58685E5AD98E9878AE694BEE7AD89E8AFADE6B395EFBC8CE69C89E69588E59CB0E981BFE5858DE4BA86E794A8E688B7E5AFB9E58685E5AD98E79A84E99D9EE6B395E6938DE4BD9C204A617661E7A88BE5BA8FE4BBA3E7A081E8A681E7BB8FE8BF87E4BBA3E7A081E7A88BE5BA8FE6A0A1E9AA8CE38081E68C87E99288E6A0A1E9AA8CE7AD89E5BE88E5A49AE6B58BE8AF95E6ADA5E9AAA4E6898DE883BDE5A49FE8BF90E8A18CE38082E68980E4BBA5E69CAAE7BB8FE58581E8AEB8E79A844A617661E7A88BE5BA8FE4B88DE883BDE587BAE78EB0E68D9FE5AEB3E7B3BBE7BB9FE5B9B3E58FB0E79A84E8A18CE4B8BAE38082204A617661E58FAFE4BBA5E7BC96E58699E587BAE998B2E79785E6AF92E5928CE998B2E4BFAEE694B9E7B3BBE7BB9FE38082266E6273703B3C2F6C693E3C2F756C3E3C756C3E3C6C693EE585AD2EE581A5E5A3AEE680A7204A617661E4BC9AE6A380E69FA5E7A88BE5BA8FE59CA8E7BC96E7A081E5928CE8BF90E8A18CE697B6E79A84E99499E8AFAFEFBC8CE5B9B6E6B688E999A4E99499E8AFAFE38082266E6273703B3C2F6C693E3C2F756C3E3C756C3E3C6C693EE4B8832EE5A49AE7BABFE7A88BE680A7E38082204A617661E5BA94E794A8E7A88BE5BA8FE58FAFE4BBA5E59CA8E5908CE4B880E697B6E997B4E5B9B6E8A18CE689A7E8A18CE5A49AE9A1B9E4BBBBE58AA1E38082E8808CE4B894E79BB8E5BA94E79A84E5908CE6ADA5E69CBAE588B6E58FAFE4BBA5E4BF9DE8AF81E4B88DE5908CE7BABFE7A88BE883BDE5A49FE6ADA3E7A1AEE59CB0E585B1E4BAABE695B0E68DAEE38082266E6273703B3C2F6C693E3C2F756C3E3C756C3E3C6C693EE585AB2EE9AB98E680A7E883BDE680A7204A617661E7BC96E8AF91E5908EE79A84E5AD97E88A82E7A081E698AFE59CA8E8A7A3E9878AE599A8E4B8ADE8BF90E8A18CE79A84EFBC8CE68980E4BBA5E5AE83E79A84E9809FE5BAA6E8BE83E5A49AE695B0E4BAA4E4BA92E5BC8FE8BF90E794A8E7A88BE5BA8FE68F90E9AB98E4BA86E5BE88E5A49AE38082266E6273703B3C2F6C693E3C2F756C3E3C756C3E3C6C693EE4B99D2EE58AA8E68081E680A7204A617661E58FAFE4BBA5E58AA8E68081E8B083E695B4E5BA93E4B8ADE696B9E6B395E5928CE5A29EE58AA0E58F98E9878FEFBC8CE5B9B6E4B894E5AEA2E688B7E7ABAFE4B88DE99C80E8A681E4BBBBE4BD95E69BB4E694B9E38082E59CA84A617661E4B8ADE8BF9BE8A18CE58AA8E68081E8B083E695B4E698AFE99D9EE5B8B8E7AE80E58D95E5928CE79BB4E68EA5E38082266E6273703B3C2F6C693E3C2F756C3E3C756C3E3C6C693EE58D812EE8B7A8E5B9B3E58FB020266E6273703B6C696E75782077696E646F7773206D6163207562756E747520E7AD89E4BBBBE4BD95E5B9B3E58FB0E58FAAE8A681E58FAFE4BBA5E5AE89E8A3856A766DE8999AE68B9FE69CBAE983BDE58FAFE4BBA5E8BF90E8A18C3C2F6C693E3C2F756C3E3C703E3C62723E3C2F703E, '中等', '1', '2021-10-14 09:43:57', '1', '2021-10-14 09:43:57', '0');
INSERT INTO `topic` VALUES ('35', '3', 0x3C703EE887AA2053756E20E585ACE58FB8E68EA8E587BA204A61766120E4BBA5E69DA5EFBC8CE68C89E785A7E58F91E5B195E58F91E78EB0E58886E4B8BAE4B889E4B8AAE696B9E59091EFBC8CE58886E588ABE698AF5B5D5B5D5B5D3C62723E3C2F703E, null, null, 0x4A324D457C4A3253457C4A324545, '10', 0x3C6469763E6A617661E58886E4B8BAE4B889E5A4A7E696B9E59091EFBC9A3C2F6469763E3C6469763E4A324D45EFBC88E7A7BBE58AA8E5BA94E794A8E5BC80E58F91EFBC89EFBC8C4A325345EFBC88E6A18CE99DA2E5BA94E794A8E5BC80E58F91EFBC89EFBC8C4A32454528576562E4BC81E4B89AE7BAA7E5BA94E794A8293C2F6469763E3C6469763E312E4353E69EB6E69E84EFBC886A617661207365EFBC89E380823C2F6469763E3C6469763E322E4253E69EB6E69E84EFBC886A61766120776562EFBC89E380823C2F6469763E3C6469763E332E6A617661E6898BE69CBAE5BC80E58F91EFBC886A617661206D65EFBC89EFBC8CE99D9EE5AE89E58D93E5BC80E58F91E380823C2F6469763E, '中等', '1', '2021-10-14 09:55:44', '1', '2021-10-14 09:55:44', '0');
INSERT INTO `topic` VALUES ('36', '3', 0x3C703EE78EAFE5A283E58F98E9878FE79A84E8AEBEE7BDAEEFBC9AE88BA5204A444B20E5AE89E8A385E59CA8E2809C443A5C7A7061726B5C4A444BE2809D2CE58899E5BA94E8AFA5E8AEBEE7BDAE205061746820E4B8BA5B5DEFBC8C636C6173735061746820E4B8BA5B5D3C62723E3C2F703E, null, null, 0x443A5C7A7061726B5C4A444B5C62696E7C2E, '10', 0x3C6469763EE69CACE9A298E4B8BBE8A681E88083E5AF9FE79A84E5B0B1E698AFE78EAFE5A283E58F98E9878FE79A84E9858DE7BDAE3C2F6469763E3C6469763E50617468E5B0B1E698AFE8B7AFE5BE84E79A84E6848FE6809D20266E6273703BE4B880E888ACE983BDE8A681E6B182E9858DE7BDAEE588B062696EE79BAEE5BD95E4B88BE68980E4BBA5E2809C443A5C7A7061726B5C4A444BE2809D2CE58899E5BA94E8AFA5E8AEBEE7BDAE205061746820E4B8BA443A5C7A7061726B5C4A444B5C62696E3C2F6469763E3C6469763E636C61737350617468E8A1A8E7A4BAE5868DE4BBBBE6848FE8B7AFE5BE84E8AEBFE997AE20266E6273703BE68980E4BBA5E9858DE7BDAE2E20266E6273703BE6A087E8AF86E4BBBBE6848FE4B880E4B8AAE8B7AFE5BE84E79B98E7ACA6E4B88BE983BDE58FAFE4BBA5E8AEBFE997AE6A6176613C2F6469763E, '简单', '1', '2021-10-14 09:55:44', '1', '2021-10-14 09:55:44', '0');
INSERT INTO `topic` VALUES ('37', '3', 0x3C703E4A617661E6BA90E69687E4BBB6E79A84E689A9E5B195E5908DE4B8BA5B5DEFBC8CE794A84A61766163E7BC96E8AF916A617661E6BA90E69687E4BBB6EFBC8CE5BE97E588B0E79A84E5AD97E88A82E7A081E69687E4BBB6E79A84E689A9E5B195E5908DE4B8BA5B5D3C62723E3C2F703E, null, null, 0x2E6A6176617C2E636C617373, '10', 0x3C703EE6BA90E69687E4BBB6E4B880E888ACE983BDE698AFE4BBA52E6A617661E7BB93E5B0BEE79A84E9809AE8BF87E7BC96E8AF91E599A8E7BC96E8AF91E5908EE79A84E69687E4BBB6E698AFE4BBA52E636C617373E7BB93E5B0BEE79A84E5AD97E88A82E7A081E69687E4BBB63C62723E3C2F703E, '简单', '1', '2021-10-14 09:55:44', '1', '2021-10-14 09:55:44', '0');
INSERT INTO `topic` VALUES ('38', '1', 0x3C703E4A61766120E4B8ADE69C89E587A0E7A78DE6B3A8E9878AE696B9E5BC8FEFBC8CE58886E588ABE58699E587BAE59084E7A78DE6B3A8E9878AE696B9E5BC8FE79A84E789B9E782B9E380823C62723E3C2F703E, 0xE58D95E8A18CE6B3A8E9878A2F2F7CE58D95E8A18CE6B3A8E9878A2F7CE69687E6A1A3E6B3A8E9878A2F2A2A202A2F7CE5A49AE8A18CE6B3A8E9878A2F2A202A2F, null, 0xE58D95E8A18CE6B3A8E9878A2F2F7CE69687E6A1A3E6B3A8E9878A2F2A2A202A2F7CE5A49AE8A18CE6B3A8E9878A2F2A202A2F, '10', 0x3C703E3C62723E3C2F703E3C707265206C616E673D224A61766122207468656D653D226C69676874223E3C64697620636C6173733D2274622D636F64652D6C696E652D6E756D6265722D6267223E3C2F6469763E3C64697620636C6173733D2274622D636F64652D636F6E74656E74223E3C64697620636C6173733D2274622D636F64652D6C696E65223E3C636F64653E3C7370616E20636C6173733D2274622D686C2D6B6579776F7264223E7061636B6167653C2F7370616E3E266E6273703B636F6D2E74616E6D753B3C2F636F64653E3C2F6469763E3C64697620636C6173733D2274622D636F64652D6C696E65223E3C636F64653E3C7370616E20636C6173733D2274622D686C2D6B6579776F7264223E7075626C69633C2F7370616E3E266E6273703B3C7370616E20636C6173733D2274622D686C2D6B6579776F7264223E636C6173733C2F7370616E3E266E6273703B64656D6F207B3C2F636F64653E3C2F6469763E3C64697620636C6173733D2274622D636F64652D6C696E65223E3C636F64653E266E6273703B266E6273703B266E6273703B266E6273703B3C7370616E20636C6173733D2274622D686C2D6B6579776F7264223E7075626C69633C2F7370616E3E266E6273703B3C7370616E20636C6173733D2274622D686C2D6B6579776F7264223E7374617469633C2F7370616E3E266E6273703B3C7370616E20636C6173733D2274622D686C2D6B6579776F7264223E766F69643C2F7370616E3E266E6273703B3C7370616E20636C6173733D2274622D686C2D66756E6374696F6E223E6D61696E3C2F7370616E3E283C7370616E20636C6173733D2274622D686C2D636C6173732D6E616D65223E537472696E673C2F7370616E3E5B5D206172677329207B3C2F636F64653E3C2F6469763E3C64697620636C6173733D2274622D636F64652D6C696E65223E3C636F64653E266E6273703B266E6273703B266E6273703B266E6273703B266E6273703B266E6273703B266E6273703B266E6273703B3C7370616E20636C6173733D2274622D686C2D636F6D6D656E74223E2F2F53797374656D2E6F75742E7072696E746C6E282268656C6C6F22293B20E8BF99E7A78DE5B0B1E698AFE58D95E8A18CE6B3A8E9878A3C2F7370616E3E3C2F636F64653E3C2F6469763E3C64697620636C6173733D2274622D636F64652D6C696E65223E3C636F64653E3C62723E3C2F636F64653E3C2F6469763E3C64697620636C6173733D2274622D636F64652D6C696E65223E3C636F64653E266E6273703B266E6273703B266E6273703B266E6273703B266E6273703B266E6273703B266E6273703B266E6273703B3C7370616E20636C6173733D2274622D686C2D636F6D6D656E74223E2F2A2A3C2F7370616E3E3C2F636F64653E3C2F6469763E3C64697620636C6173733D2274622D636F64652D6C696E65223E3C636F64653E3C7370616E20636C6173733D2274622D686C2D636F6D6D656E74223E266E6273703B266E6273703B266E6273703B266E6273703B266E6273703B266E6273703B266E6273703B266E6273703B266E6273703B2A20E69687E6A1A3E6B3A8E9878A3C2F7370616E3E3C2F636F64653E3C2F6469763E3C64697620636C6173733D2274622D636F64652D6C696E65223E3C636F64653E3C7370616E20636C6173733D2274622D686C2D636F6D6D656E74223E266E6273703B266E6273703B266E6273703B266E6273703B266E6273703B266E6273703B266E6273703B266E6273703B266E6273703B2A20E58FAFE4BBA5E68DA2E8A18C3C2F7370616E3E3C2F636F64653E3C2F6469763E3C64697620636C6173733D2274622D636F64652D6C696E65223E3C636F64653E3C7370616E20636C6173733D2274622D686C2D636F6D6D656E74223E266E6273703B266E6273703B266E6273703B266E6273703B266E6273703B266E6273703B266E6273703B266E6273703B266E6273703B2A20E58FAFE4BBA5E5A49AE8A18C3C2F7370616E3E3C2F636F64653E3C2F6469763E3C64697620636C6173733D2274622D636F64652D6C696E65223E3C636F64653E3C7370616E20636C6173733D2274622D686C2D636F6D6D656E74223E266E6273703B266E6273703B266E6273703B266E6273703B266E6273703B266E6273703B266E6273703B266E6273703B266E6273703B2A202A2F3C2F7370616E3E3C2F636F64653E3C2F6469763E3C64697620636C6173733D2274622D636F64652D6C696E65223E3C636F64653E3C62723E3C2F636F64653E3C2F6469763E3C64697620636C6173733D2274622D636F64652D6C696E65223E3C636F64653E266E6273703B266E6273703B266E6273703B266E6273703B266E6273703B266E6273703B266E6273703B266E6273703B3C7370616E20636C6173733D2274622D686C2D636F6D6D656E74223E2F2AE8BF99E4B8AAE698AFE5A49AE8A18CE6B3A8E9878A3C2F7370616E3E3C2F636F64653E3C2F6469763E3C64697620636C6173733D2274622D636F64652D6C696E65223E3C636F64653E3C7370616E20636C6173733D2274622D686C2D636F6D6D656E74223E266E6273703B266E6273703B266E6273703B266E6273703B266E6273703B266E6273703B266E6273703B266E6273703B2A202A2F3C2F7370616E3E3C2F636F64653E3C2F6469763E3C64697620636C6173733D2274622D636F64652D6C696E65223E3C636F64653E266E6273703B266E6273703B266E6273703B266E6273703B7D3C2F636F64653E3C2F6469763E3C64697620636C6173733D2274622D636F64652D6C696E65223E3C636F64653E7D3C2F636F64653E3C2F6469763E3C2F6469763E3C64697620636C6173733D2274622D7072652D6C616E67223E4A6176613C2F6469763E3C2F7072653E3C703E3C62723E3C2F703E, '中等', '1', '2021-10-14 10:07:36', '1', '2021-10-14 10:07:36', '0');
INSERT INTO `topic` VALUES ('39', '4', 0x3C703EE7AE80E8BFB0204A61766120E4B8ADE58C85E79A84E4BD9CE794A8E58F8AE8AFADE6B395E38081E6B3A8E6848FE4BA8BE9A1B9E380823C62723E3C2F703E, null, null, 0xE58CBAE58886E9A1B9E79BAE20E981BFE5858DE7B1BBE5908DE586B2E7AA817C7061636B61676520636F6D2E74616E6D752E7574696C3B20696D706F7274206A6176612E7574696C2E52616E646F6D3B7CE4B880E5AE9AE8A681E58699E59CA8E7A88BE5BA8FE79A84E7ACACE4B880E8A18C, '10', 0x3C6469763EE4BD9CE794A83AE4B8BBE8A681E4B8BAE4BA86E58CBAE58886E9A1B9E79BAEE79A84E7B1BBEFBC8CE981BFE5858DE591BDE5908DE586B2E7AA813C2F6469763E3C6469763EE8AFADE6B39520E69CACE7B1BB207061636B61676520636F6D2E74616E6D752E7574696C3B20266E6273703B266E6273703BE5AFBCE58C85696D706F7274206A6176612E7574696C2E52616E646F6D3B3C2F6469763E3C6469763EE6B3A8E6848FE4BA8BE9A1B93AE4B880E5AE9AE8A681E58699E59CA8E7A88BE5BA8FE79A84E7ACACE4B880E8A18C3C2F6469763E3C707265206C616E673D224A61766122207468656D653D226C69676874223E3C64697620636C6173733D2274622D636F64652D6C696E652D6E756D6265722D6267223E3C2F6469763E3C64697620636C6173733D2274622D636F64652D636F6E74656E74223E3C64697620636C6173733D2274622D636F64652D6C696E65223E3C636F64653E3C7370616E20636C6173733D2274622D686C2D6B6579776F7264223E7061636B6167653C2F7370616E3E266E6273703B636F6D2E74616E6D753B266E6273703B3C2F636F64653E3C2F6469763E3C64697620636C6173733D2274622D636F64652D6C696E65223E3C636F64653E3C7370616E20636C6173733D2274622D686C2D6B6579776F7264223E696D706F72743C2F7370616E3E266E6273703B6F72672E737072696E676672616D65776F726B2E626F6F742E3C7370616E20636C6173733D2274622D686C2D636C6173732D6E616D65223E537072696E674170706C69636174696F6E3C2F7370616E3E3B266E6273703B3C2F636F64653E3C2F6469763E3C64697620636C6173733D2274622D636F64652D6C696E65223E3C636F64653E3C7370616E20636C6173733D2274622D686C2D6B6579776F7264223E696D706F72743C2F7370616E3E266E6273703B6F72672E737072696E676672616D65776F726B2E626F6F742E6175746F636F6E6669677572652E3C7370616E20636C6173733D2274622D686C2D636C6173732D6E616D65223E537072696E67426F6F744170706C69636174696F6E3C2F7370616E3E3B3C2F636F64653E3C2F6469763E3C2F6469763E3C64697620636C6173733D2274622D7072652D6C616E67223E4A6176613C2F6469763E3C2F7072653E3C703EE8BF99E7A78DE5B0B1E698AFE58C85E5928CE5AFBCE58C85266E6273703B3C2F703E, '中等', '1', '2021-10-14 10:10:08', '1', '2021-10-14 10:10:08', '0');
INSERT INTO `topic` VALUES ('40', '5', 0xE9A298E79BAE, null, null, 0x3C703E3C62723E3C2F703E3C62723E3C703E3C62723E3C2F703E, '5', 0x3C703EE7AD94E6A188E58886E69E903C2F703E, '简单', '1', '2021-10-18 14:27:41', '1', '2021-10-19 08:44:33', '1');
INSERT INTO `topic` VALUES ('41', '5', 0x3C703EE68993E58DB068656C6C6F776F72643C62723E3C2F703E, null, null, 0x3C707265206C616E673D224A61766122207468656D653D226C69676874223E3C64697620636C6173733D2274622D636F64652D6C696E652D6E756D6265722D6267223E3C2F6469763E3C64697620636C6173733D2274622D636F64652D636F6E74656E74223E3C64697620636C6173733D2274622D636F64652D6C696E65223E3C636F64653E3C7370616E20636C6173733D2274622D686C2D6B6579776F7264223E7075626C69633C2F7370616E3E266E6273703B3C7370616E20636C6173733D2274622D686C2D6B6579776F7264223E636C6173733C2F7370616E3E266E6273703B68656C6C6F776F7264207B3C2F636F64653E3C2F6469763E3C64697620636C6173733D2274622D636F64652D6C696E65223E3C636F64653E266E6273703B266E6273703B266E6273703B266E6273703B3C7370616E20636C6173733D2274622D686C2D6B6579776F7264223E7075626C69633C2F7370616E3E266E6273703B3C7370616E20636C6173733D2274622D686C2D6B6579776F7264223E7374617469633C2F7370616E3E266E6273703B3C7370616E20636C6173733D2274622D686C2D6B6579776F7264223E766F69643C2F7370616E3E266E6273703B3C7370616E20636C6173733D2274622D686C2D66756E6374696F6E223E6D61696E3C2F7370616E3E283C7370616E20636C6173733D2274622D686C2D636C6173732D6E616D65223E537472696E673C2F7370616E3E5B5D206172677329207B3C2F636F64653E3C2F6469763E3C64697620636C6173733D2274622D636F64652D6C696E65223E3C636F64653E266E6273703B266E6273703B266E6273703B266E6273703B266E6273703B266E6273703B266E6273703B266E6273703B3C7370616E20636C6173733D2274622D686C2D636C6173732D6E616D65223E53797374656D3C2F7370616E3E2E6F75742E3C7370616E20636C6173733D2274622D686C2D66756E6374696F6E223E7072696E746C6E3C2F7370616E3E283C7370616E20636C6173733D2274622D686C2D737472696E67223E2268656C6C6F20776F7264223C2F7370616E3E293B3C2F636F64653E3C2F6469763E3C64697620636C6173733D2274622D636F64652D6C696E65223E3C636F64653E266E6273703B266E6273703B266E6273703B266E6273703B7D3C2F636F64653E3C2F6469763E3C64697620636C6173733D2274622D636F64652D6C696E65223E3C636F64653E7D3C2F636F64653E3C2F6469763E3C2F6469763E3C64697620636C6173733D2274622D7072652D6C616E67223E4A6176613C2F6469763E3C2F7072653E3C703E3C62723E3C2F703E, '10', 0x3C703EE58886E69E90E8A781E7AD94E6A1883C2F703E, '中等', '1', '2021-10-18 15:22:34', '1', '2021-10-18 15:22:34', '0');
INSERT INTO `topic` VALUES ('42', '5', 0x3C6469763EE68993E58DB0E8BE93E587BAE4BBA5E4B88BE9A1B9E79BAEE7958CE99DA2EFBC9A3C2F6469763E3C6469763EE6ACA2E8BF8EE8BF9BE585A5E6AA80E69CA8E9809AE8AEAFE5BD95E7B3BBE7BB9F3C2F6469763E3C6469763E312E20E69FA5E8AFA2E68980E69C89E88194E7B3BBE4BABA3C2F6469763E3C6469763E322E20E6A0B9E68DAE20696420E69FA5E8AFA2E88194E7B3BBE4BABA3C2F6469763E3C6469763E332E20E6A0B9E68DAE20696420E4BFAEE694B9E88194E7B3BBE4BABA3C2F6469763E3C6469763E342E20E6A0B9E68DAE20696420E588A0E999A4E88194E7B3BBE4BABA3C2F6469763E3C6469763E352E20E6B7BBE58AA0E88194E7B3BBE4BABA3C2F6469763E3C6469763E362E20E6A0B9E68DAEE5A793E5908DE69FA5E8AFA2E88194E7B3BBE4BABA3C2F6469763E3C6469763E372E20E6B885E7A9BAE88194E7B3BBE4BABA3C2F6469763E3C6469763E382E20E98080E587BAE7B3BBE7BB9F3C2F6469763E, null, null, 0x3C703EE5BE88E7AE80E58D95E5B0B1E698AFE68993E58DB0E8AFADE58FA5E6B2A1E595A5E99ABEE5BAA63C2F703E3C707265206C616E673D224A61766122207468656D653D226C69676874223E3C64697620636C6173733D2274622D636F64652D6C696E652D6E756D6265722D6267223E3C2F6469763E3C64697620636C6173733D2274622D636F64652D636F6E74656E74223E3C64697620636C6173733D2274622D636F64652D6C696E65223E3C636F64653E3C7370616E20636C6173733D2274622D686C2D6B6579776F7264223E7075626C69633C2F7370616E3E266E6273703B3C7370616E20636C6173733D2274622D686C2D6B6579776F7264223E636C6173733C2F7370616E3E266E6273703B64656D6F3137207B3C2F636F64653E3C2F6469763E3C64697620636C6173733D2274622D636F64652D6C696E65223E3C636F64653E266E6273703B266E6273703B266E6273703B266E6273703B3C7370616E20636C6173733D2274622D686C2D6B6579776F7264223E7075626C69633C2F7370616E3E266E6273703B3C7370616E20636C6173733D2274622D686C2D6B6579776F7264223E7374617469633C2F7370616E3E266E6273703B3C7370616E20636C6173733D2274622D686C2D6B6579776F7264223E766F69643C2F7370616E3E266E6273703B3C7370616E20636C6173733D2274622D686C2D66756E6374696F6E223E6D61696E3C2F7370616E3E283C7370616E20636C6173733D2274622D686C2D636C6173732D6E616D65223E537472696E673C2F7370616E3E5B5D206172677329207B3C2F636F64653E3C2F6469763E3C64697620636C6173733D2274622D636F64652D6C696E65223E3C636F64653E266E6273703B266E6273703B266E6273703B266E6273703B266E6273703B266E6273703B266E6273703B266E6273703B3C7370616E20636C6173733D2274622D686C2D636C6173732D6E616D65223E53797374656D3C2F7370616E3E2E6F75742E3C7370616E20636C6173733D2274622D686C2D66756E6374696F6E223E7072696E746C6E3C2F7370616E3E283C7370616E20636C6173733D2274622D686C2D737472696E67223E22E6ACA2E8BF8EE8BF9BE585A5E6AA80E69CA8E9809AE8AEAFE5BD95E7B3BBE7BB9F223C2F7370616E3E293B3C2F636F64653E3C2F6469763E3C64697620636C6173733D2274622D636F64652D6C696E65223E3C636F64653E266E6273703B266E6273703B266E6273703B266E6273703B266E6273703B266E6273703B266E6273703B266E6273703B3C7370616E20636C6173733D2274622D686C2D636C6173732D6E616D65223E53797374656D3C2F7370616E3E2E6F75742E3C7370616E20636C6173733D2274622D686C2D66756E6374696F6E223E7072696E746C6E3C2F7370616E3E283C7370616E20636C6173733D2274622D686C2D737472696E67223E22312E20E69FA5E8AFA2E68980E69C89E88194E7B3BBE4BABA223C2F7370616E3E293B3C2F636F64653E3C2F6469763E3C64697620636C6173733D2274622D636F64652D6C696E65223E3C636F64653E266E6273703B266E6273703B266E6273703B266E6273703B266E6273703B266E6273703B266E6273703B266E6273703B3C7370616E20636C6173733D2274622D686C2D636C6173732D6E616D65223E53797374656D3C2F7370616E3E2E6F75742E3C7370616E20636C6173733D2274622D686C2D66756E6374696F6E223E7072696E746C6E3C2F7370616E3E283C7370616E20636C6173733D2274622D686C2D737472696E67223E22322E20E6A0B9E68DAE20696420E69FA5E8AFA2E88194E7B3BBE4BABA223C2F7370616E3E293B3C2F636F64653E3C2F6469763E3C64697620636C6173733D2274622D636F64652D6C696E65223E3C636F64653E266E6273703B266E6273703B266E6273703B266E6273703B266E6273703B266E6273703B266E6273703B266E6273703B3C7370616E20636C6173733D2274622D686C2D636C6173732D6E616D65223E53797374656D3C2F7370616E3E2E6F75742E3C7370616E20636C6173733D2274622D686C2D66756E6374696F6E223E7072696E746C6E3C2F7370616E3E283C7370616E20636C6173733D2274622D686C2D737472696E67223E22332E20E6A0B9E68DAE20696420E4BFAEE694B9E88194E7B3BBE4BABA223C2F7370616E3E293B3C2F636F64653E3C2F6469763E3C64697620636C6173733D2274622D636F64652D6C696E65223E3C636F64653E266E6273703B266E6273703B266E6273703B266E6273703B266E6273703B266E6273703B266E6273703B266E6273703B3C7370616E20636C6173733D2274622D686C2D636C6173732D6E616D65223E53797374656D3C2F7370616E3E2E6F75742E3C7370616E20636C6173733D2274622D686C2D66756E6374696F6E223E7072696E746C6E3C2F7370616E3E283C7370616E20636C6173733D2274622D686C2D737472696E67223E22342E20E6A0B9E68DAE20696420E588A0E999A4E88194E7B3BBE4BABA223C2F7370616E3E293B3C2F636F64653E3C2F6469763E3C64697620636C6173733D2274622D636F64652D6C696E65223E3C636F64653E266E6273703B266E6273703B266E6273703B266E6273703B266E6273703B266E6273703B266E6273703B266E6273703B3C7370616E20636C6173733D2274622D686C2D636C6173732D6E616D65223E53797374656D3C2F7370616E3E2E6F75742E3C7370616E20636C6173733D2274622D686C2D66756E6374696F6E223E7072696E746C6E3C2F7370616E3E283C7370616E20636C6173733D2274622D686C2D737472696E67223E22352E20E6B7BBE58AA0E88194E7B3BBE4BABA223C2F7370616E3E293B3C2F636F64653E3C2F6469763E3C64697620636C6173733D2274622D636F64652D6C696E65223E3C636F64653E266E6273703B266E6273703B266E6273703B266E6273703B266E6273703B266E6273703B266E6273703B266E6273703B3C7370616E20636C6173733D2274622D686C2D636C6173732D6E616D65223E53797374656D3C2F7370616E3E2E6F75742E3C7370616E20636C6173733D2274622D686C2D66756E6374696F6E223E7072696E746C6E3C2F7370616E3E283C7370616E20636C6173733D2274622D686C2D737472696E67223E22362E20E6A0B9E68DAEE5A793E5908DE69FA5E8AFA2E88194E7B3BBE4BABA223C2F7370616E3E293B3C2F636F64653E3C2F6469763E3C64697620636C6173733D2274622D636F64652D6C696E65223E3C636F64653E266E6273703B266E6273703B266E6273703B266E6273703B266E6273703B266E6273703B266E6273703B266E6273703B3C7370616E20636C6173733D2274622D686C2D636C6173732D6E616D65223E53797374656D3C2F7370616E3E2E6F75742E3C7370616E20636C6173733D2274622D686C2D66756E6374696F6E223E7072696E746C6E3C2F7370616E3E283C7370616E20636C6173733D2274622D686C2D737472696E67223E22372E20E6B885E7A9BAE88194E7B3BBE4BABA223C2F7370616E3E293B3C2F636F64653E3C2F6469763E3C64697620636C6173733D2274622D636F64652D6C696E65223E3C636F64653E266E6273703B266E6273703B266E6273703B266E6273703B266E6273703B266E6273703B266E6273703B266E6273703B3C7370616E20636C6173733D2274622D686C2D636C6173732D6E616D65223E53797374656D3C2F7370616E3E2E6F75742E3C7370616E20636C6173733D2274622D686C2D66756E6374696F6E223E7072696E746C6E3C2F7370616E3E283C7370616E20636C6173733D2274622D686C2D737472696E67223E22382E20E98080E587BAE7B3BBE7BB9F223C2F7370616E3E293B3C2F636F64653E3C2F6469763E3C64697620636C6173733D2274622D636F64652D6C696E65223E3C636F64653E266E6273703B266E6273703B266E6273703B266E6273703B7D3C2F636F64653E3C2F6469763E3C64697620636C6173733D2274622D636F64652D6C696E65223E3C636F64653E7D3C2F636F64653E3C2F6469763E3C2F6469763E3C64697620636C6173733D2274622D7072652D6C616E67223E4A6176613C2F6469763E3C2F7072653E3C703E3C62723E3C2F703E, '10', 0x3C703EE58886E69E90E79C8BE7AD94E6A1883C2F703E, '中等', '1', '2021-10-19 08:51:03', '1', '2021-10-19 08:51:03', '0');
INSERT INTO `topic` VALUES ('43', '0', 0x3C703EE4BDA0E69C80E5B8853C2F703E, 0xE698AFE79A84E68891E69C80E5B8857CE4B88DE4B88DE4B88DE4BDA0E69C80E5B8857C6E6F6E6FE68891E5B8857CE5B885, null, 0xE698AFE79A84E68891E69C80E5B885, '10', 0x3C703EE7AD94E6A188E58886E69E903C62723E3C2F703E, '简单', '1', '2021-10-19 14:57:14', '1', '2021-11-07 20:13:09', '1');
INSERT INTO `topic` VALUES ('44', '0', 0x3C703EE4BB80E4B988E698AFE695B4E695B0E58F98E9878F3C2F703E, 0x696E747C6C6F6E677C737472696E677C63686172, null, 0x696E74, '10', 0x3C703EE7AD94E6A188E58886E69E902D2DE58886E69E90E4B8AAE6AF9BE8BF99E4B988E7AE80E58D953C62723E3C2F703E, '简单', '1', '2021-11-02 13:30:04', '1', '2021-11-07 20:13:05', '1');
INSERT INTO `topic` VALUES ('45', '0', 0x3C703EE4B88BE58897E58F98E9878FE5AE9AE4B989E4B88DE6ADA3E7A1AEE79A84E698AF3F3C62723E3C2F703E, 0x696E7420617C666C6F617420663D31322E337C73686F727420733D3132387C6368617220633D3635, null, 0x666C6F617420663D31322E33, '5', 0x3C703EE69CACE9A298E6AF94E8BE83E7AE80E58D9520E99499E8AFAFE698AF4220E59BA0E4B8BA20666C6F617420E5AE9AE4B989E79A84E58F98E9878FE99C80E8A681E5908EE8BEB9E58AA0663C2F703E3C703EE6ADA3E7A1AEE694B9E6ADA3E4B8BA20666C6F617420663D31322E3366202D2D2D2D2667743B20666C6F617420663D31322E33663C2F703E, '简单', '1', '2021-11-08 08:42:42', '1', '2021-11-08 08:42:42', '0');
INSERT INTO `topic` VALUES ('46', '0', 0x3C703EE4B88BE99DA2E585B3E4BA8EE887AAE58AA8E7B1BBE59E8BE8BDACE68DA2E68F8FE8BFB0E6ADA3E7A1AEE79A84E698AF3F3C62723E3C2F703E, 0x6368617220E7B1BBE59E8BE695B0E68DAEE58FAFE4BBA5E887AAE58AA8E8BDACE68DA2E4B8BAE4BBBBE6848FE59FBAE69CACE79A84E695B0E68DAEE7B1BBE59E8B7C6368617220E7B1BBE59E8BE695B0E68DAEE58FAAE883BDE8BDACE68DA2E4B8BA20696E7420E7B1BBE59E8BE79A84E695B0E68DAE7C6368617220E7B1BBE59E8BE695B0E68DAEE4B88DE883BDE79BB4E68EA5E8BDACE68DA2E4B8BA20626F6F6C65616E20E7B1BBE59E8BE695B0E68DAE7C6368617220E7B1BBE59E8BE4B88DE883BDE8BF9BE8A18CE887AAE58AA8E7B1BBE59E8BE8BDACE68DA2, null, 0x6368617220E7B1BBE59E8BE695B0E68DAEE4B88DE883BDE79BB4E68EA5E8BDACE68DA2E4B8BA20626F6F6C65616E20E7B1BBE59E8BE695B0E68DAE, '5', 0x3C703E41E98089E9A1B920E99499E8AFAFEFBC8CE59BA0E4B8BA63686172E5AFB9E4BA8E626F6F6C65616EE7B1BBE59E8B20E4B88DE883BDE887AAE58AA8E8BDACE68DA23C2F703E3C703E42E98089E9A1B920E99499E8AFAF20EFBC8CE999A4E4BA86E58FAFE4BBA5E8BDACE68DA2E4B8BA696E74E7B1BBE59E8B206C6F6E67E7B1BBE59E8BE4B99FE698AFE58FAFE4BBA5E79A843C2F703E3C703E44E98089E9A1B920E99499E8AFAFEFBC8C63686172E5AFB9E4BA8E696E74206C6F6E6720E58FAFE4BBA5E887AAE58AA8E7B1BBE59E8BE8BDACE68DA23C2F703E3C703EE6A0B9E68DAEE68E92E999A4E6B3952043E6ADA3E7A1AE3C2F703E, '简单', '1', '2021-11-08 08:54:43', '1', '2021-11-08 08:54:43', '0');
INSERT INTO `topic` VALUES ('47', '0', 0x3C703EE689A7E8A18CE4B88BE99DA2E7A88BE5BA8FE5908EEFBC8CE593AAE4B880E4B8AAE7BB93E8AEBAE698AFE6ADA3E7A1AEE79A843C2F703E3C707265206C616E673D224A61766122207468656D653D226C69676874223E3C64697620636C6173733D2274622D636F64652D6C696E652D6E756D6265722D6267223E3C2F6469763E3C64697620636C6173733D2274622D636F64652D636F6E74656E74223E3C64697620636C6173733D2274622D636F64652D6C696E65223E3C636F64653E3C7370616E20636C6173733D2274622D686C2D6B6579776F7264223E696E743C2F7370616E3E266E6273703B612C622C633B266E6273703B3C2F636F64653E3C2F6469763E3C64697620636C6173733D2274622D636F64652D6C696E65223E3C636F64653E613D3C7370616E20636C6173733D2274622D686C2D6E756D626572223E313C2F7370616E3E3B20623D3C7370616E20636C6173733D2274622D686C2D6E756D626572223E333C2F7370616E3E3B20633D28612B622667743B3C7370616E20636C6173733D2274622D686C2D6E756D626572223E333C2F7370616E3E266E6273703B3F202B2B61203A20622B2B293B266E6273703B3C2F636F64653E3C2F6469763E3C2F6469763E3C64697620636C6173733D2274622D7072652D6C616E67223E4A6176613C2F6469763E3C2F7072653E3C703E3C62723E3C2F703E, 0x6120E79A84E580BCE4B8BA2032EFBC8C6220E79A84E580BCE4B8BA2033EFBC8C6320E79A84E580BCE4B8BA2031207C6120E79A84E580BCE4B8BA2032EFBC8C6220E79A84E580BCE4B8BA2034EFBC8C6320E79A84E580BCE4B8BA20327C6120E79A84E580BCE4B8BA2032EFBC8C6220E79A84E580BCE4B8BA2034EFBC8C6320E79A84E580BCE4B8BA20317C6120E79A84E580BCE4B8BA2032EFBC8C6220E79A84E580BCE4B8BA2033EFBC8C6320E79A84E580BCE4B8BA2032, null, 0x6120E79A84E580BCE4B8BA2032EFBC8C6220E79A84E580BCE4B8BA2034EFBC8C6320E79A84E580BCE4B8BA2031, '5', 0x3C703EE7AD94E6A188E58886E69E903C62723E3C2F703E, '简单', '1', '2021-11-08 08:54:43', '1', '2021-11-08 08:54:43', '0');
INSERT INTO `topic` VALUES ('48', '1', 0x3C703E6A617661E79A84E585ABE5A4A7E59FBAE69CACE7B1BBE59E8BE69C89E593AAE4BA9B3C2F703E, 0x627974657C73686F72747C696E747C6C6F6E677C666C6F61747C646F75626C657C636861727C626F6F6C65616E7C537472696E67, null, 0x627974657C73686F72747C696E747C6C6F6E677C666C6F61747C646F75626C657C636861727C626F6F6C65616E, '10', 0x3C6469763EE585B3E4BA8E4A617661E79A8438E7A78DE59FBAE69CACE695B0E68DAEE7B1BBE59E8BEFBC8CE585B6E5908DE7A7B0E38081E4BD8DE695B0E38081E9BB98E8AEA4E580BCE38081E58F96E580BCE88C83E59BB4E58F8AE7A4BAE4BE8BE5A682E4B88BE8A1A8E68980E7A4BAEFBC9A3C2F6469763E3C6469763E3C62723E3C2F6469763E3C7461626C6520636C6173733D2274622D7461626C65223E3C74626F64793E3C74723E3C7464207374796C653D22746578742D616C69676E3A2D7765626B69742D63656E746572223E3C7374726F6E67207374796C653D22666F6E742D66616D696C793A2D6170706C652D73797374656D2C202671756F743B534620554920546578742671756F743B2C20417269616C2C202671756F743B50696E6746616E672053432671756F743B2C202671756F743B4869726167696E6F2053616E732047422671756F743B2C202671756F743B4D6963726F736F66742059614865692671756F743B2C202671756F743B57656E5175616E5969204D6963726F204865692671756F743B2C2073616E732D73657269663B6261636B67726F756E642D636F6C6F723A726762283233392C203234332C20323435293B636F6C6F723A7267622837392C2037392C203739293B666F6E742D73697A653A31347078223EE5BA8FE58FB73C2F7374726F6E673E3C62723E3C2F74643E3C7464207374796C653D22746578742D616C69676E3A2D7765626B69742D7269676874223E3C7374726F6E67207374796C653D22666F6E742D66616D696C793A2D6170706C652D73797374656D2C202671756F743B534620554920546578742671756F743B2C20417269616C2C202671756F743B50696E6746616E672053432671756F743B2C202671756F743B4869726167696E6F2053616E732047422671756F743B2C202671756F743B4D6963726F736F66742059614865692671756F743B2C202671756F743B57656E5175616E5969204D6963726F204865692671756F743B2C2073616E732D73657269663B6261636B67726F756E642D636F6C6F723A726762283233392C203234332C20323435293B636F6C6F723A7267622837392C2037392C203739293B666F6E742D73697A653A31347078223EE695B0E68DAEE7B1BBE59E8B3C2F7374726F6E673E3C62723E3C2F74643E3C7464207374796C653D22746578742D616C69676E3A2D7765626B69742D7269676874223E3C7374726F6E67207374796C653D22666F6E742D66616D696C793A2D6170706C652D73797374656D2C202671756F743B534620554920546578742671756F743B2C20417269616C2C202671756F743B50696E6746616E672053432671756F743B2C202671756F743B4869726167696E6F2053616E732047422671756F743B2C202671756F743B4D6963726F736F66742059614865692671756F743B2C202671756F743B57656E5175616E5969204D6963726F204865692671756F743B2C2073616E732D73657269663B6261636B67726F756E642D636F6C6F723A726762283233392C203234332C20323435293B636F6C6F723A7267622837392C2037392C203739293B666F6E742D73697A653A31347078223EE4BD8DE695B03C2F7374726F6E673E3C62723E3C2F74643E3C7464207374796C653D22746578742D616C69676E3A2D7765626B69742D7269676874223E3C7374726F6E67207374796C653D22666F6E742D66616D696C793A2D6170706C652D73797374656D2C202671756F743B534620554920546578742671756F743B2C20417269616C2C202671756F743B50696E6746616E672053432671756F743B2C202671756F743B4869726167696E6F2053616E732047422671756F743B2C202671756F743B4D6963726F736F66742059614865692671756F743B2C202671756F743B57656E5175616E5969204D6963726F204865692671756F743B2C2073616E732D73657269663B6261636B67726F756E642D636F6C6F723A726762283233392C203234332C20323435293B636F6C6F723A7267622837392C2037392C203739293B666F6E742D73697A653A31347078223EE5AD97E88A82E695B03C2F7374726F6E673E3C62723E3C2F74643E3C74643EE9BB98E8AEA4E580BC3C2F74643E3C74643EE58F96E580BCE88C83E59BB43C2F74643E3C74643EE4B8BEE4BE8BE8AFB4E6988E3C2F74643E3C2F74723E3C74723E3C74643E313C2F74643E3C7464207374796C653D22746578742D616C69676E3A2D7765626B69742D7269676874223E3C7370616E207374796C653D22666F6E742D66616D696C793A2D6170706C652D73797374656D2C202671756F743B534620554920546578742671756F743B2C20417269616C2C202671756F743B50696E6746616E672053432671756F743B2C202671756F743B4869726167696E6F2053616E732047422671756F743B2C202671756F743B4D6963726F736F66742059614865692671756F743B2C202671756F743B57656E5175616E5969204D6963726F204865692671756F743B2C2073616E732D73657269663B6261636B67726F756E642D636F6C6F723A726762283235352C203235352C20323535293B636F6C6F723A7267622837392C2037392C203739293B666F6E742D73697A653A31347078223E6279746528E4BD8D293C2F7370616E3E3C62723E3C2F74643E3C74643E383C2F74643E3C74643E313C2F74643E3C74643E303C2F74643E3C7464207374796C653D22746578742D616C69676E3A2D7765626B69742D7269676874223E3C7370616E207374796C653D22666F6E742D66616D696C793A2D6170706C652D73797374656D2C202671756F743B534620554920546578742671756F743B2C20417269616C2C202671756F743B50696E6746616E672053432671756F743B2C202671756F743B4869726167696E6F2053616E732047422671756F743B2C202671756F743B4D6963726F736F66742059614865692671756F743B2C202671756F743B57656E5175616E5969204D6963726F204865692671756F743B2C2073616E732D73657269663B6261636B67726F756E642D636F6C6F723A726762283235352C203235352C20323535293B636F6C6F723A7267622837392C2037392C203739293B666F6E742D73697A653A31347078223E2D325E37202D20325E372D313C2F7370616E3E3C62723E3C2F74643E3C7464207374796C653D22746578742D616C69676E3A2D7765626B69742D7269676874223E3C7370616E207374796C653D22666F6E742D66616D696C793A2D6170706C652D73797374656D2C202671756F743B534620554920546578742671756F743B2C20417269616C2C202671756F743B50696E6746616E672053432671756F743B2C202671756F743B4869726167696E6F2053616E732047422671756F743B2C202671756F743B4D6963726F736F66742059614865692671756F743B2C202671756F743B57656E5175616E5969204D6963726F204865692671756F743B2C2073616E732D73657269663B6261636B67726F756E642D636F6C6F723A726762283235352C203235352C20323535293B636F6C6F723A7267622837392C2037392C203739293B666F6E742D73697A653A31347078223E627974652062203D2031303B3C2F7370616E3E3C62723E3C2F74643E3C2F74723E3C74723E3C74643E323C2F74643E3C7464207374796C653D22746578742D616C69676E3A2D7765626B69742D7269676874223E3C7370616E207374796C653D22666F6E742D66616D696C793A2D6170706C652D73797374656D2C202671756F743B534620554920546578742671756F743B2C20417269616C2C202671756F743B50696E6746616E672053432671756F743B2C202671756F743B4869726167696E6F2053616E732047422671756F743B2C202671756F743B4D6963726F736F66742059614865692671756F743B2C202671756F743B57656E5175616E5969204D6963726F204865692671756F743B2C2073616E732D73657269663B6261636B67726F756E642D636F6C6F723A726762283234372C203234372C20323437293B636F6C6F723A7267622837392C2037392C203739293B666F6E742D73697A653A31347078223E73686F727428E79FADE695B4E695B0293C2F7370616E3E3C62723E3C2F74643E3C74643E31363C2F74643E3C74643E323C2F74643E3C74643E303C2F74643E3C7464207374796C653D22746578742D616C69676E3A2D7765626B69742D7269676874223E3C7370616E207374796C653D22666F6E742D66616D696C793A2D6170706C652D73797374656D2C202671756F743B534620554920546578742671756F743B2C20417269616C2C202671756F743B50696E6746616E672053432671756F743B2C202671756F743B4869726167696E6F2053616E732047422671756F743B2C202671756F743B4D6963726F736F66742059614865692671756F743B2C202671756F743B57656E5175616E5969204D6963726F204865692671756F743B2C2073616E732D73657269663B6261636B67726F756E642D636F6C6F723A726762283234372C203234372C20323437293B636F6C6F723A7267622837392C2037392C203739293B666F6E742D73697A653A31347078223E2D325E3135202D20325E31352D313C2F7370616E3E3C62723E3C2F74643E3C7464207374796C653D22746578742D616C69676E3A2D7765626B69742D7269676874223E3C7370616E207374796C653D22666F6E742D66616D696C793A2D6170706C652D73797374656D2C202671756F743B534620554920546578742671756F743B2C20417269616C2C202671756F743B50696E6746616E672053432671756F743B2C202671756F743B4869726167696E6F2053616E732047422671756F743B2C202671756F743B4D6963726F736F66742059614865692671756F743B2C202671756F743B57656E5175616E5969204D6963726F204865692671756F743B2C2073616E732D73657269663B6261636B67726F756E642D636F6C6F723A726762283234372C203234372C20323437293B636F6C6F723A7267622837392C2037392C203739293B666F6E742D73697A653A31347078223E73686F72742073203D2031303B3C2F7370616E3E3C62723E3C2F74643E3C2F74723E3C74723E3C74643E333C2F74643E3C7464207374796C653D22746578742D616C69676E3A2D7765626B69742D7269676874223E3C7370616E207374796C653D22666F6E742D66616D696C793A2D6170706C652D73797374656D2C202671756F743B534620554920546578742671756F743B2C20417269616C2C202671756F743B50696E6746616E672053432671756F743B2C202671756F743B4869726167696E6F2053616E732047422671756F743B2C202671756F743B4D6963726F736F66742059614865692671756F743B2C202671756F743B57656E5175616E5969204D6963726F204865692671756F743B2C2073616E732D73657269663B6261636B67726F756E642D636F6C6F723A726762283235352C203235352C20323535293B636F6C6F723A7267622837392C2037392C203739293B666F6E742D73697A653A31347078223E696E7428E695B4E695B0293C2F7370616E3E3C62723E3C2F74643E3C74643E33323C2F74643E3C74643E343C2F74643E3C74643E303C2F74643E3C7464207374796C653D22746578742D616C69676E3A2D7765626B69742D7269676874223E3C7370616E207374796C653D22666F6E742D66616D696C793A2D6170706C652D73797374656D2C202671756F743B534620554920546578742671756F743B2C20417269616C2C202671756F743B50696E6746616E672053432671756F743B2C202671756F743B4869726167696E6F2053616E732047422671756F743B2C202671756F743B4D6963726F736F66742059614865692671756F743B2C202671756F743B57656E5175616E5969204D6963726F204865692671756F743B2C2073616E732D73657269663B6261636B67726F756E642D636F6C6F723A726762283235352C203235352C20323535293B636F6C6F723A7267622837392C2037392C203739293B666F6E742D73697A653A31347078223E2D325E3331202D20325E33312D313C2F7370616E3E3C62723E3C2F74643E3C7464207374796C653D22746578742D616C69676E3A2D7765626B69742D7269676874223E3C7370616E207374796C653D22666F6E742D66616D696C793A2D6170706C652D73797374656D2C202671756F743B534620554920546578742671756F743B2C20417269616C2C202671756F743B50696E6746616E672053432671756F743B2C202671756F743B4869726167696E6F2053616E732047422671756F743B2C202671756F743B4D6963726F736F66742059614865692671756F743B2C202671756F743B57656E5175616E5969204D6963726F204865692671756F743B2C2073616E732D73657269663B6261636B67726F756E642D636F6C6F723A726762283235352C203235352C20323535293B636F6C6F723A7267622837392C2037392C203739293B666F6E742D73697A653A31347078223E696E742069203D2031303B3C2F7370616E3E3C62723E3C2F74643E3C2F74723E3C74723E3C74643E343C2F74643E3C7464207374796C653D22746578742D616C69676E3A2D7765626B69742D7269676874223E3C7370616E207374796C653D22666F6E742D66616D696C793A2D6170706C652D73797374656D2C202671756F743B534620554920546578742671756F743B2C20417269616C2C202671756F743B50696E6746616E672053432671756F743B2C202671756F743B4869726167696E6F2053616E732047422671756F743B2C202671756F743B4D6963726F736F66742059614865692671756F743B2C202671756F743B57656E5175616E5969204D6963726F204865692671756F743B2C2073616E732D73657269663B6261636B67726F756E642D636F6C6F723A726762283234372C203234372C20323437293B636F6C6F723A7267622837392C2037392C203739293B666F6E742D73697A653A31347078223E6C6F6E6728E995BFE695B4E695B0293C2F7370616E3E3C62723E3C2F74643E3C74643E36343C2F74643E3C74643E383C2F74643E3C74643E303C2F74643E3C7464207374796C653D22746578742D616C69676E3A2D7765626B69742D7269676874223E3C7370616E207374796C653D22666F6E742D66616D696C793A2D6170706C652D73797374656D2C202671756F743B534620554920546578742671756F743B2C20417269616C2C202671756F743B50696E6746616E672053432671756F743B2C202671756F743B4869726167696E6F2053616E732047422671756F743B2C202671756F743B4D6963726F736F66742059614865692671756F743B2C202671756F743B57656E5175616E5969204D6963726F204865692671756F743B2C2073616E732D73657269663B6261636B67726F756E642D636F6C6F723A726762283235352C203235352C20323535293B636F6C6F723A7267622837392C2037392C203739293B666F6E742D73697A653A31347078223E2D325E3331202D20325E33312D313C2F7370616E3E3C62723E3C2F74643E3C7464207374796C653D22746578742D616C69676E3A2D7765626B69742D7269676874223E3C7370616E207374796C653D22666F6E742D66616D696C793A2D6170706C652D73797374656D2C202671756F743B534620554920546578742671756F743B2C20417269616C2C202671756F743B50696E6746616E672053432671756F743B2C202671756F743B4869726167696E6F2053616E732047422671756F743B2C202671756F743B4D6963726F736F66742059614865692671756F743B2C202671756F743B57656E5175616E5969204D6963726F204865692671756F743B2C2073616E732D73657269663B6261636B67726F756E642D636F6C6F723A726762283234372C203234372C20323437293B636F6C6F723A7267622837392C2037392C203739293B666F6E742D73697A653A31347078223E6C6F6E67206C203D2031306C3B3C2F7370616E3E3C62723E3C2F74643E3C2F74723E3C74723E3C74643E353C2F74643E3C7464207374796C653D22746578742D616C69676E3A2D7765626B69742D7269676874223E3C7370616E207374796C653D22666F6E742D66616D696C793A2D6170706C652D73797374656D2C202671756F743B534620554920546578742671756F743B2C20417269616C2C202671756F743B50696E6746616E672053432671756F743B2C202671756F743B4869726167696E6F2053616E732047422671756F743B2C202671756F743B4D6963726F736F66742059614865692671756F743B2C202671756F743B57656E5175616E5969204D6963726F204865692671756F743B2C2073616E732D73657269663B6261636B67726F756E642D636F6C6F723A726762283235352C203235352C20323535293B636F6C6F723A7267622837392C2037392C203739293B666F6E742D73697A653A31347078223E666C6F617428E58D95E7B2BEE5BAA6293C2F7370616E3E3C62723E3C2F74643E3C74643E33323C2F74643E3C74643E343C2F74643E3C74643E302E303C2F74643E3C7464207374796C653D22746578742D616C69676E3A2D7765626B69742D7269676874223E3C7370616E207374796C653D22666F6E742D66616D696C793A2D6170706C652D73797374656D2C202671756F743B534620554920546578742671756F743B2C20417269616C2C202671756F743B50696E6746616E672053432671756F743B2C202671756F743B4869726167696E6F2053616E732047422671756F743B2C202671756F743B4D6963726F736F66742059614865692671756F743B2C202671756F743B57656E5175616E5969204D6963726F204865692671756F743B2C2073616E732D73657269663B6261636B67726F756E642D636F6C6F723A726762283235352C203235352C20323535293B636F6C6F723A7267622837392C2037392C203739293B666F6E742D73697A653A31347078223E2D325E3331202D20325E33312D313C2F7370616E3E3C62723E3C2F74643E3C7464207374796C653D22746578742D616C69676E3A2D7765626B69742D7269676874223E3C7370616E207374796C653D22666F6E742D66616D696C793A2D6170706C652D73797374656D2C202671756F743B534620554920546578742671756F743B2C20417269616C2C202671756F743B50696E6746616E672053432671756F743B2C202671756F743B4869726167696E6F2053616E732047422671756F743B2C202671756F743B4D6963726F736F66742059614865692671756F743B2C202671756F743B57656E5175616E5969204D6963726F204865692671756F743B2C2073616E732D73657269663B6261636B67726F756E642D636F6C6F723A726762283235352C203235352C20323535293B636F6C6F723A7267622837392C2037392C203739293B666F6E742D73697A653A31347078223E666C6F61742066203D2031302E30663B3C2F7370616E3E3C62723E3C2F74643E3C2F74723E3C74723E3C74643E363C2F74643E3C7464207374796C653D22746578742D616C69676E3A2D7765626B69742D7269676874223E3C7370616E207374796C653D22666F6E742D66616D696C793A2D6170706C652D73797374656D2C202671756F743B534620554920546578742671756F743B2C20417269616C2C202671756F743B50696E6746616E672053432671756F743B2C202671756F743B4869726167696E6F2053616E732047422671756F743B2C202671756F743B4D6963726F736F66742059614865692671756F743B2C202671756F743B57656E5175616E5969204D6963726F204865692671756F743B2C2073616E732D73657269663B6261636B67726F756E642D636F6C6F723A726762283234372C203234372C20323437293B636F6C6F723A7267622837392C2037392C203739293B666F6E742D73697A653A31347078223E646F75626C6528E58F8CE7B2BEE5BAA6293C2F7370616E3E3C62723E3C2F74643E3C74643E36343C2F74643E3C74643E383C2F74643E3C74643E302E303C2F74643E3C7464207374796C653D22746578742D616C69676E3A2D7765626B69742D7269676874223E3C7370616E207374796C653D22666F6E742D66616D696C793A2D6170706C652D73797374656D2C202671756F743B534620554920546578742671756F743B2C20417269616C2C202671756F743B50696E6746616E672053432671756F743B2C202671756F743B4869726167696E6F2053616E732047422671756F743B2C202671756F743B4D6963726F736F66742059614865692671756F743B2C202671756F743B57656E5175616E5969204D6963726F204865692671756F743B2C2073616E732D73657269663B6261636B67726F756E642D636F6C6F723A726762283234372C203234372C20323437293B636F6C6F723A7267622837392C2037392C203739293B666F6E742D73697A653A31347078223E2D325E3633202D20325E36332D313C2F7370616E3E3C62723E3C2F74643E3C7464207374796C653D22746578742D616C69676E3A2D7765626B69742D7269676874223E3C7370616E207374796C653D22666F6E742D66616D696C793A2D6170706C652D73797374656D2C202671756F743B534620554920546578742671756F743B2C20417269616C2C202671756F743B50696E6746616E672053432671756F743B2C202671756F743B4869726167696E6F2053616E732047422671756F743B2C202671756F743B4D6963726F736F66742059614865692671756F743B2C202671756F743B57656E5175616E5969204D6963726F204865692671756F743B2C2073616E732D73657269663B6261636B67726F756E642D636F6C6F723A726762283234372C203234372C20323437293B636F6C6F723A7267622837392C2037392C203739293B666F6E742D73697A653A31347078223E646F75626C652064203D2031302E30643B3C2F7370616E3E3C62723E3C2F74643E3C2F74723E3C74723E3C74643E373C2F74643E3C7464207374796C653D22746578742D616C69676E3A2D7765626B69742D7269676874223E3C7370616E207374796C653D22666F6E742D66616D696C793A2D6170706C652D73797374656D2C202671756F743B534620554920546578742671756F743B2C20417269616C2C202671756F743B50696E6746616E672053432671756F743B2C202671756F743B4869726167696E6F2053616E732047422671756F743B2C202671756F743B4D6963726F736F66742059614865692671756F743B2C202671756F743B57656E5175616E5969204D6963726F204865692671756F743B2C2073616E732D73657269663B6261636B67726F756E642D636F6C6F723A726762283235352C203235352C20323535293B636F6C6F723A7267622837392C2037392C203739293B666F6E742D73697A653A31347078223E6368617228E5AD97E7ACA6293C2F7370616E3E3C62723E3C2F74643E3C74643E31363C2F74643E3C74643E323C2F74643E3C74643EE7A9BA3C2F74643E3C7464207374796C653D22746578742D616C69676E3A2D7765626B69742D7269676874223E3C7370616E207374796C653D22666F6E742D66616D696C793A2D6170706C652D73797374656D2C202671756F743B534620554920546578742671756F743B2C20417269616C2C202671756F743B50696E6746616E672053432671756F743B2C202671756F743B4869726167696E6F2053616E732047422671756F743B2C202671756F743B4D6963726F736F66742059614865692671756F743B2C202671756F743B57656E5175616E5969204D6963726F204865692671756F743B2C2073616E732D73657269663B6261636B67726F756E642D636F6C6F723A726762283235352C203235352C20323535293B636F6C6F723A7267622837392C2037392C203739293B666F6E742D73697A653A31347078223E30202D20325E31362D313C2F7370616E3E3C62723E3C2F74643E3C7464207374796C653D22746578742D616C69676E3A2D7765626B69742D7269676874223E3C7370616E207374796C653D22666F6E742D66616D696C793A2D6170706C652D73797374656D2C202671756F743B534620554920546578742671756F743B2C20417269616C2C202671756F743B50696E6746616E672053432671756F743B2C202671756F743B4869726167696E6F2053616E732047422671756F743B2C202671756F743B4D6963726F736F66742059614865692671756F743B2C202671756F743B57656E5175616E5969204D6963726F204865692671756F743B2C2073616E732D73657269663B6261636B67726F756E642D636F6C6F723A726762283235352C203235352C20323535293B636F6C6F723A7267622837392C2037392C203739293B666F6E742D73697A653A31347078223E636861722063203D20E2809863E280993B3C2F7370616E3E3C62723E3C2F74643E3C2F74723E3C74723E3C74643E383C2F74643E3C7464207374796C653D22746578742D616C69676E3A2D7765626B69742D7269676874223E3C7370616E207374796C653D22666F6E742D66616D696C793A2D6170706C652D73797374656D2C202671756F743B534620554920546578742671756F743B2C20417269616C2C202671756F743B50696E6746616E672053432671756F743B2C202671756F743B4869726167696E6F2053616E732047422671756F743B2C202671756F743B4D6963726F736F66742059614865692671756F743B2C202671756F743B57656E5175616E5969204D6963726F204865692671756F743B2C2073616E732D73657269663B6261636B67726F756E642D636F6C6F723A726762283234372C203234372C20323437293B636F6C6F723A7267622837392C2037392C203739293B666F6E742D73697A653A31347078223E626F6F6C65616E28E5B883E5B094E580BC293C2F7370616E3E3C62723E3C2F74643E3C74643E383C2F74643E3C74643E313C2F74643E3C74643E66616C73653C2F74643E3C7464207374796C653D22746578742D616C69676E3A2D7765626B69742D7269676874223E3C7370616E207374796C653D22666F6E742D66616D696C793A2D6170706C652D73797374656D2C202671756F743B534620554920546578742671756F743B2C20417269616C2C202671756F743B50696E6746616E672053432671756F743B2C202671756F743B4869726167696E6F2053616E732047422671756F743B2C202671756F743B4D6963726F736F66742059614865692671756F743B2C202671756F743B57656E5175616E5969204D6963726F204865692671756F743B2C2073616E732D73657269663B6261636B67726F756E642D636F6C6F723A726762283234372C203234372C20323437293B636F6C6F723A7267622837392C2037392C203739293B666F6E742D73697A653A31347078223E74727565E3808166616C73653C2F7370616E3E3C62723E3C2F74643E3C7464207374796C653D22746578742D616C69676E3A2D7765626B69742D7269676874223E3C7370616E207374796C653D22666F6E742D66616D696C793A2D6170706C652D73797374656D2C202671756F743B534620554920546578742671756F743B2C20417269616C2C202671756F743B50696E6746616E672053432671756F743B2C202671756F743B4869726167696E6F2053616E732047422671756F743B2C202671756F743B4D6963726F736F66742059614865692671756F743B2C202671756F743B57656E5175616E5969204D6963726F204865692671756F743B2C2073616E732D73657269663B6261636B67726F756E642D636F6C6F723A726762283234372C203234372C20323437293B636F6C6F723A7267622837392C2037392C203739293B666F6E742D73697A653A31347078223E626F6F6C65616E2062203D20747275653B3C2F7370616E3E3C62723E3C2F74643E3C2F74723E3C2F74626F64793E3C2F7461626C653E3C703E3C62723E3C2F703E, '简单', '1', '2021-11-08 09:43:43', '1', '2021-11-08 09:43:43', '0');
INSERT INTO `topic` VALUES ('49', '2', 0x3C703EE8AFB7E588A4E696AD20537472696E6720613D22313030223BE883BDE590A6E8BDACE68DA2E4B8BA696E74E7B1BBE59E8BEFBC9F3C2F703E, null, null, 0x74727565, '5', 0x3C703EE58FAFE4BBA5E9809AE8BF87496E7472676572E69DA5E8BDAC3C2F703E3C707265206C616E673D224A61766122207468656D653D226C69676874223E3C64697620636C6173733D2274622D636F64652D6C696E652D6E756D6265722D6267223E3C2F6469763E3C64697620636C6173733D2274622D636F64652D636F6E74656E74223E3C64697620636C6173733D2274622D636F64652D6C696E65223E3C636F64653E3C7370616E20636C6173733D2274622D686C2D6B6579776F7264223E7075626C69633C2F7370616E3E266E6273703B3C7370616E20636C6173733D2274622D686C2D6B6579776F7264223E636C6173733C2F7370616E3E266E6273703B64656D6F207B266E6273703B3C2F636F64653E3C2F6469763E3C64697620636C6173733D2274622D636F64652D6C696E65223E3C636F64653E266E6273703B266E6273703B266E6273703B266E6273703B3C7370616E20636C6173733D2274622D686C2D6B6579776F7264223E7075626C69633C2F7370616E3E266E6273703B3C7370616E20636C6173733D2274622D686C2D6B6579776F7264223E7374617469633C2F7370616E3E266E6273703B3C7370616E20636C6173733D2274622D686C2D6B6579776F7264223E766F69643C2F7370616E3E266E6273703B3C7370616E20636C6173733D2274622D686C2D66756E6374696F6E223E6D61696E3C2F7370616E3E283C7370616E20636C6173733D2274622D686C2D636C6173732D6E616D65223E537472696E673C2F7370616E3E5B5D206172677329207B266E6273703B3C2F636F64653E3C2F6469763E3C64697620636C6173733D2274622D636F64652D6C696E65223E3C636F64653E266E6273703B266E6273703B266E6273703B266E6273703B266E6273703B266E6273703B266E6273703B3C7370616E20636C6173733D2274622D686C2D636C6173732D6E616D65223E537472696E673C2F7370616E3E266E6273703B613D3C7370616E20636C6173733D2274622D686C2D737472696E67223E22313030223C2F7370616E3E3B266E6273703B3C2F636F64653E3C2F6469763E3C64697620636C6173733D2274622D636F64652D6C696E65223E3C636F64653E266E6273703B266E6273703B266E6273703B266E6273703B266E6273703B266E6273703B266E6273703B3C7370616E20636C6173733D2274622D686C2D6B6579776F7264223E696E743C2F7370616E3E266E6273703B623D3C7370616E20636C6173733D2274622D686C2D636C6173732D6E616D65223E496E74656765723C2F7370616E3E2E3C7370616E20636C6173733D2274622D686C2D66756E6374696F6E223E7061727365496E743C2F7370616E3E2861293B266E6273703B3C2F636F64653E3C2F6469763E3C64697620636C6173733D2274622D636F64652D6C696E65223E3C636F64653E266E6273703B266E6273703B266E6273703B266E6273703B7D266E6273703B3C2F636F64653E3C2F6469763E3C64697620636C6173733D2274622D636F64652D6C696E65223E3C636F64653E7D266E6273703B3C2F636F64653E3C2F6469763E3C2F6469763E3C64697620636C6173733D2274622D7072652D6C616E67223E4A6176613C2F6469763E3C2F7072653E3C703E3C62723E3C2F703E, '简单', '1', '2021-11-08 09:53:41', '1', '2021-11-08 09:53:41', '0');
INSERT INTO `topic` VALUES ('50', '2', 0x3C703EE6898BE69CBAE58FB7E58FAFE4BBA5E794A8696E74E69DA5E5AD98E582A8E59097EFBC9FE4BE8BE5A68220696E742070686F6E653D31383730303637363736333C2F703E, null, null, 0x66616C7365, '5', 0x3C70207374796C653D22746578742D616C69676E3A6A757374696679223EE6898BE69CBAE58FB7E79A84E995BFE5BAA6E4B8BA3131E4BD8D20266E6273703BE8808C696E743C7370616E207374796C653D22666F6E742D66616D696C793A417269616C2C2073616E732D73657269663B6261636B67726F756E642D636F6C6F723A726762283235352C203235352C20323535293B636F6C6F723A7267622835312C2035312C203531293B666F6E742D73697A653A31347078223EE69C80E5A4A7E58FAFE4BBA5E8B58BE580BCE4B8BA3A3231343734383336343720E68980E69C89E4B88DE883BDE794A8696E74E69DA5E5AD98E582A8E6898BE69CBAE58FB73C2F7370616E3E3C2F703E, '简单', '1', '2021-11-08 10:00:58', '1', '2021-11-08 10:00:58', '0');
INSERT INTO `topic` VALUES ('51', '3', 0x3C703EE8A1A8E8BEBEE5BC8F2028696E7429362E352F372E352A3320E79A84E7BB93E69E9CE695B0E68DAEE7B1BBE59E8BE4B8BA3C62723E3C2F703E5B5D, null, null, 0x646F75626C65, '5', 0x3C703E28696E7429362E35202F372E35202A333C2F703E3C703EE69CACE9A298E997AEE79A84E698AFE69C80E5908EE7BB93E69E9CE698AFE4BB80E4B988E7B1BBE59E8BE5BE88E5A49AE4BABAE4BC9AE8A2AB696E74E7BB99E5BFBDE682A03C2F703E3C703EE585B6E5AE9E28696E7429E58FAAE4BC9AE5AFB9E4BB96E5908EE8BEB9E68CA8E79D80E79A84E7ACACE4B880E4B8AAE695B0E8BDACE68DA2696E74E7B1BBE59E8B3C2F703E3C703EE69C80E5908EE5868DE999A4E4BBA5372E35202A3320E882AFE5AE9AE5B0B1E58F98E68890646F75626C65E7B1BBE59E8BE4BA863C2F703E, '简单', '1', '2021-11-08 10:00:58', '1', '2021-11-08 11:14:58', '0');
INSERT INTO `topic` VALUES ('52', '3', 0x3C703EE8AEBEE69C89E5AE9AE4B98920696E742061203D2031323B20E58899E689A7E8A18C20612A3D31323BE8AFADE58FA5E5908EEFBC8C6120E79A84E580BCE4B8BA5B5D3C62723E3C2F703E, null, null, 0x313434, '5', 0x3C703E612A3D313220E58F98E5BDA2E5B0B1E698AF613D612A313220E6A0B9E68DAE696E7420613D313220266E6273703BE68980E4BBA520613D31322A31323D3134343C2F703E, '简单', '1', '2021-11-08 10:06:26', '1', '2021-11-08 10:06:26', '0');
INSERT INTO `topic` VALUES ('53', '3', 0x3C703E266E6273703BE58699E587BAE4BBA5E4B88BE68993E58DB0E8AFADE58FA5E8BE93E587BAE79A84E7BB93E69E9C3C2F703E3C703E2831292053797374656D2E6F75742E7072696E746C6E28362B35293B20E68993E58DB0E8BE93E587BAE79A84E7BB93E69E9CE698AF5B5D3C2F703E3C703E2832292053797374656D2E6F75742E7072696E746C6E28E2809C36E2809D2B35293B20E68993E58DB0E8BE93E587BAE79A84E7BB93E69E9CE698AF5B5D3C2F703E3C703E2833292053797374656D2E6F75742E7072696E746C6E28362B352BE2809D42E2809D293B20E68993E58DB0E8BE93E587BAE79A84E7BB93E69E9C5B5D3C62723E3C2F703E, null, null, 0x31317C36357C313142, '5', 0x3C703EE5BE88E7AE80E58D9520E4B8BBE8A681E8AEB0E4BD8FE4B880E4B8AAE68A80E5B7A720266E6273703BE8BF90E7AE97E6B395E5889920E683B3E58588E4B998E999A4E59CA8E58AA0E5878F20E784B6E5908E20E4BB8EE5B7A6E5BE80E58FB3E689A7E8A18C3C2F703E3C703E537472696E672BE4BBBBE4BD95E695B0E983BDE4BC9AE5908CE58C96E4B8BA537472696E673C2F703E, '中等', '1', '2021-11-08 10:06:26', '1', '2021-11-08 10:06:26', '0');
INSERT INTO `topic` VALUES ('54', '3', 0x3C703EE8A1A8E8BEBEE5BC8F352E332B28696E742928382E352B342E36292F332534E79A84E580BCE698AF5B5D3C62723E3C2F703E, null, null, 0x352E33, '5', 0x3C703E28696E742928382E352B342E36293D31333C2F703E3C703E31332F333D343C2F703E3C703E3425343D303C2F703E3C703EE68980E4BBA5E69C80E7BB88E7BB93E69E9CE698AF352E333C2F703E, '困难', '1', '2021-11-08 10:16:35', '1', '2021-11-08 10:16:35', '0');
INSERT INTO `topic` VALUES ('55', '3', 0x3C703EE5B7B2E79FA5626F6F6C65616E6231203D20747275652C2062323D747275652C2062333D66616C73653BE58899E8A1A8E8BEBEE5BC8F21623126616D703B26616D703B62327C7C6233E79A84E580BCE4B8BA5B5D3C62723E3C2F703E, null, null, 0x66616C7365, '5', 0x3C703E2162313D66616C73653C2F703E3C703E21623126616D703B26616D703B62323D66616C73653C2F703E3C703E21623126616D703B26616D703B62327C7C62333D66616C73653C62723E3C2F703E, '简单', '1', '2021-11-08 10:18:02', '1', '2021-11-08 10:18:02', '0');
INSERT INTO `topic` VALUES ('56', '0', 0x3C703EE8AEBE20612C622C782C792C7A20E59D87E4B8BA20696E7420E7B1BBE59E8BE58F98E9878FEFBC8CE5B9B6E5B7B2E7BB8FE8B58BE580BCEFBC8CE4B88BE58897E8A1A8E8BEBEE5BC8FE79A84E7BB93E69E9CE5B19EE4BA8EE99D9EE980BBE8BE91E580BC0AE79A84E698AF3C62723E3C2F703E, 0x783E7920262620623C617C2D7A203E20782D797C79203D3D20282B2B78297C793D782A78, null, 0x793D782A78, '5', 0x3C703EE9A696E58588E99D9EE980BBE8BE91E580BCE5B0B1E698AFE7BB93E69E9CE4B88DE698AF626F6F6C65616EE7B1BBE59E8B3C2F703E3C703EE69585E98089443C2F703E, '简单', '1', '2021-11-08 10:20:18', '1', '2021-11-08 10:20:18', '0');
INSERT INTO `topic` VALUES ('57', '4', 0x3C703EE88BA563686172E59E8BE58F98E9878F63E5AD98E582A8E79A84E698AFE4B880E4B8AAE5A4A7E58699E5AD97E6AF8DEFBC8CE58899E8BE93E587BAE585B6E5AFB9E5BA94E5B08FE58699E5AD97E6AF8DE79A84E8AFADE58FA5E698AF3C62723E3C2F703E, null, null, 0x53797374656D2E6F75742E7072696E746C6E2828636861722928632B333229293B, '10', 0x3C703EE5A4A7E58699E5AD97E6AF8DE8B79FE5B08FE58699E5AD97E6AF8DE4B98BE997B4696E74E79BB8E5B7AEE5B0B133323C2F703E, '中等', '1', '2021-11-08 10:31:09', '1', '2021-11-08 10:31:09', '0');
INSERT INTO `topic` VALUES ('58', '4', 0x3C703E266E6273703BE4BB94E7BB86E58886E69E90E4BBA5E4B88BE7A88BE5BA8FEFBC8CE8AFB4E587BAE7A88BE5BA8FE79A84E69C80E7BB88E68993E58DB0E79A84E7BB93E69E9CE380823C2F703E3C707265206C616E673D224A61766122207468656D653D226C69676874223E3C64697620636C6173733D2274622D636F64652D6C696E652D6E756D6265722D6267223E3C2F6469763E3C64697620636C6173733D2274622D636F64652D636F6E74656E74223E3C64697620636C6173733D2274622D636F64652D6C696E65223E3C636F64653E3C7370616E20636C6173733D2274622D686C2D6B6579776F7264223E7075626C69633C2F7370616E3E266E6273703B3C7370616E20636C6173733D2274622D686C2D6B6579776F7264223E636C6173733C2F7370616E3E266E6273703B64656D6F207B266E6273703B3C2F636F64653E3C2F6469763E3C64697620636C6173733D2274622D636F64652D6C696E65223E3C636F64653E266E6273703B266E6273703B266E6273703B266E6273703B3C7370616E20636C6173733D2274622D686C2D6B6579776F7264223E7075626C69633C2F7370616E3E266E6273703B3C7370616E20636C6173733D2274622D686C2D6B6579776F7264223E7374617469633C2F7370616E3E266E6273703B3C7370616E20636C6173733D2274622D686C2D6B6579776F7264223E766F69643C2F7370616E3E266E6273703B3C7370616E20636C6173733D2274622D686C2D66756E6374696F6E223E6D61696E3C2F7370616E3E283C7370616E20636C6173733D2274622D686C2D636C6173732D6E616D65223E537472696E673C2F7370616E3E5B5D206172677329207B266E6273703B3C2F636F64653E3C2F6469763E3C64697620636C6173733D2274622D636F64652D6C696E65223E3C636F64653E266E6273703B266E6273703B266E6273703B266E6273703B266E6273703B266E6273703B266E6273703B266E6273703B3C7370616E20636C6173733D2274622D686C2D6B6579776F7264223E696E743C2F7370616E3E266E6273703B613D3C7370616E20636C6173733D2274622D686C2D6E756D626572223E353C2F7370616E3E3B266E6273703B3C2F636F64653E3C2F6469763E3C64697620636C6173733D2274622D636F64652D6C696E65223E3C636F64653E266E6273703B266E6273703B266E6273703B266E6273703B266E6273703B266E6273703B266E6273703B266E6273703B3C7370616E20636C6173733D2274622D686C2D6B6579776F7264223E696E743C2F7370616E3E266E6273703B623D28612B2B292B282D2D61292B282B2B61293B266E6273703B3C2F636F64653E3C2F6469763E3C64697620636C6173733D2274622D636F64652D6C696E65223E3C636F64653E266E6273703B266E6273703B266E6273703B266E6273703B266E6273703B266E6273703B266E6273703B266E6273703B3C7370616E20636C6173733D2274622D686C2D636C6173732D6E616D65223E53797374656D3C2F7370616E3E2E6F75742E3C7370616E20636C6173733D2274622D686C2D66756E6374696F6E223E7072696E746C6E3C2F7370616E3E2861293B266E6273703B3C2F636F64653E3C2F6469763E3C64697620636C6173733D2274622D636F64652D6C696E65223E3C636F64653E266E6273703B266E6273703B266E6273703B266E6273703B266E6273703B266E6273703B266E6273703B266E6273703B3C7370616E20636C6173733D2274622D686C2D636C6173732D6E616D65223E53797374656D3C2F7370616E3E2E6F75742E3C7370616E20636C6173733D2274622D686C2D66756E6374696F6E223E7072696E746C6E3C2F7370616E3E2862293B266E6273703B3C2F636F64653E3C2F6469763E3C64697620636C6173733D2274622D636F64652D6C696E65223E3C636F64653E266E6273703B266E6273703B266E6273703B266E6273703B7D266E6273703B3C2F636F64653E3C2F6469763E3C64697620636C6173733D2274622D636F64652D6C696E65223E3C636F64653E7D3C2F636F64653E3C2F6469763E3C2F6469763E3C64697620636C6173733D2274622D7072652D6C616E67223E4A6176613C2F6469763E3C2F7072653E3C703E3C62723E3C2F703E, null, null, 0x613D360A623D3136, '10', 0x3C703EE9A696E58588E99C80E8A681E4BA86E8A7A32B2B61E5928C612B2BE8A784E588993C2F703E3C703E2B2B61E698AFE58588E58AA0E5908EE794A820612B2BE698AFE58588E794A8E5908EE58AA03C2F703E3C703EE4BE8BE5A682E8BF99E9A29820696E7420613D353B3C2F703E3C703E2B2B613D36202C612B2B3D353C2F703E3C703EE68980E4BBA528612B2B293D35266E6273703B3C2F703E3C703E282D2D61293D3520E59BA0E4B8BA28612B2B29E5908EE58F98E6889036E4BA863C2F703E3C703E282B2B61293D3620266E6273703BE69585E69C80E7BB88E7BB93E69E9CE698AF20352B352B363D31363C2F703E, '困难', '1', '2021-11-08 10:31:09', '1', '2021-11-08 10:31:09', '0');
INSERT INTO `topic` VALUES ('59', '4', 0x3C70207374796C653D22746578742D696E64656E743A2D32322E333570743B636F6C6F723A7267622835312C2035312C20353129223E3C7370616E207374796C653D22666F6E742D66616D696C793AE5BEAEE8BDAFE99B85E9BB912C2073616E732D73657269663B666F6E742D73697A653A31332E3570743B6C696E652D6865696768743A31303725223E312E3C2F7370616E3E3C7370616E207374796C653D22666F6E742D7765696768743A6E6F726D616C3B666F6E742D66616D696C793A2671756F743B54696D6573204E657720526F6D616E2671756F743B3B666F6E742D73697A653A3770743B6C696E652D6865696768743A6E6F726D616C223E266E6273703B266E6273703B266E6273703B266E6273703B266E6273703B3C2F7370616E3E3C7370616E207374796C653D22666F6E742D73697A653A31332E3570743B6C696E652D6865696768743A31303725223E3C7370616E207374796C653D22666F6E742D66616D696C793A2671756F743B4D6963726F736F66742059614865692055492671756F743B2C2073616E732D7365726966223EE4B880E5AEB6E59586E59CBAE59CA8E4B8BEE8A18CE68993E68A98E4BF83E99480EFBC8CE68980E69C89E59586E59381E983BDE8BF9BE8A18C3C2F7370616E3E3C7370616E207374796C653D22666F6E742D66616D696C793AE5BEAEE8BDAFE99B85E9BB912C2073616E732D7365726966223E266E6273703B38266E6273703B3C2F7370616E3E3C7370616E207374796C653D22666F6E742D66616D696C793A2671756F743B4D6963726F736F66742059614865692055492671756F743B2C2073616E732D7365726966223EE68A98E4BC98E683A0E38082E4B880E4BD8DE7A88BE5BA8FE59198E68A8AE8BF99E4B8AAE980BBE8BE91E58699E68890EFBC9A3C2F7370616E3E3C2F7370616E3E3C2F703E3C707265206C616E673D224A61766122207468656D653D226C69676874223E3C64697620636C6173733D2274622D636F64652D6C696E652D6E756D6265722D6267223E3C2F6469763E3C64697620636C6173733D2274622D636F64652D636F6E74656E74223E3C64697620636C6173733D2274622D636F64652D6C696E65223E3C636F64653E3C7370616E20636C6173733D2274622D686C2D6B6579776F7264223E7075626C69633C2F7370616E3E266E6273703B3C7370616E20636C6173733D2274622D686C2D6B6579776F7264223E636C6173733C2F7370616E3E266E6273703B64656D6F207B266E6273703B3C2F636F64653E3C2F6469763E3C64697620636C6173733D2274622D636F64652D6C696E65223E3C636F64653E266E6273703B266E6273703B266E6273703B266E6273703B3C7370616E20636C6173733D2274622D686C2D6B6579776F7264223E7075626C69633C2F7370616E3E266E6273703B3C7370616E20636C6173733D2274622D686C2D6B6579776F7264223E7374617469633C2F7370616E3E266E6273703B3C7370616E20636C6173733D2274622D686C2D6B6579776F7264223E766F69643C2F7370616E3E266E6273703B3C7370616E20636C6173733D2274622D686C2D66756E6374696F6E223E6D61696E3C2F7370616E3E283C7370616E20636C6173733D2274622D686C2D636C6173732D6E616D65223E537472696E673C2F7370616E3E5B5D206172677329207B266E6273703B3C2F636F64653E3C2F6469763E3C64697620636C6173733D2274622D636F64652D6C696E65223E3C636F64653E266E6273703B266E6273703B266E6273703B266E6273703B266E6273703B266E6273703B266E6273703B266E6273703B3C7370616E20636C6173733D2274622D686C2D6B6579776F7264223E73686F72743C2F7370616E3E266E6273703B70726963653D2E2E2E3B3C7370616E20636C6173733D2274622D686C2D636F6D6D656E74223E2F2FE58588E8AEA1E7AE97E587BAE58E9FE4BBB73C2F7370616E3E266E6273703B3C2F636F64653E3C2F6469763E3C64697620636C6173733D2274622D636F64652D6C696E65223E3C636F64653E266E6273703B266E6273703B266E6273703B266E6273703B266E6273703B266E6273703B266E6273703B266E6273703B3C7370616E20636C6173733D2274622D686C2D6B6579776F7264223E73686F72743C2F7370616E3E266E6273703B7265616C50726963653D70726963652A3C7370616E20636C6173733D2274622D686C2D6E756D626572223E383C2F7370616E3E2F3C7370616E20636C6173733D2274622D686C2D6E756D626572223E31303C2F7370616E3E3B3C7370616E20636C6173733D2274622D686C2D636F6D6D656E74223E2F2FE8AEA1E7AE97E68993E68A98E5908EE79A84E4BBB7E6A0BC3C2F7370616E3E266E6273703B3C2F636F64653E3C2F6469763E3C64697620636C6173733D2274622D636F64652D6C696E65223E3C636F64653E266E6273703B266E6273703B266E6273703B266E6273703B7D266E6273703B3C2F636F64653E3C2F6469763E3C64697620636C6173733D2274622D636F64652D6C696E65223E3C636F64653E7D3C2F636F64653E3C2F6469763E3C2F6469763E3C64697620636C6173733D2274622D7072652D6C616E67223E4A6176613C2F6469763E3C2F7072653E3C70207374796C653D22666F6E742D66616D696C793A2671756F743B4D6963726F736F66742059614865692055492671756F743B2C2073616E732D73657269663B636F6C6F723A7267622835312C2035312C203531293B666F6E742D73697A653A313270743B6C696E652D6865696768743A31303725223EE8AFB7E997AEE4B88AE8BFB0E4BBA3E7A081E980BBE8BE91E58F8AE8AEBEE8AEA1E698AFE590A6E6ADA3E7A1AEEFBC9F3C2F703E3C70207374796C653D22666F6E742D66616D696C793A2671756F743B4D6963726F736F66742059614865692055492671756F743B2C2073616E732D73657269663B636F6C6F723A7267622835312C2035312C203531293B666F6E742D73697A653A313270743B6C696E652D6865696768743A31303725223E283129E5A682E69E9CE6ADA3E7A1AEEFBC8CE58187E8AEBE7072696365E4B8BA31303020E982A3E8AEA1E7AE97E5908EE79A847265616C5072696365E79A84E580BCE4B8BAE5A49AE5B091EFBC9F3C2F703E3C70207374796C653D22666F6E742D66616D696C793A2671756F743B4D6963726F736F66742059614865692055492671756F743B2C2073616E732D73657269663B636F6C6F723A7267622835312C2035312C203531293B666F6E742D73697A653A313270743B6C696E652D6865696768743A31303725223E283229E5A682E69E9CE4B88DE6ADA3E7A1AE20E8AFB4E6988EE58E9FE59BA0E5B9B6E58699E587BAE694B9E6ADA3E79A84E696B9E6A1883C2F703E, null, null, 0xE4B88DE6ADA3E7A1AE7C73686F7274E694B9E68890646F75626C65, '10', 0x3C703EE4B880E888ACE8AEA1E7AE97E4BBB7E6A0BCE99C80E8A681E4BDBFE794A8646F75626C65E7B1BBE59E8B3C2F703E, '中等', '1', '2021-11-08 10:44:22', '1', '2021-11-08 10:44:22', '0');
INSERT INTO `topic` VALUES ('60', '4', 0x3C70207374796C653D22746578742D696E64656E743A2D32322E333570743B636F6C6F723A7267622835312C2035312C20353129223E3C7370616E207374796C653D22666F6E742D66616D696C793AE5BEAEE8BDAFE99B85E9BB912C2073616E732D73657269663B666F6E742D73697A653A31332E3570743B6C696E652D6865696768743A31303725223E312E3C2F7370616E3E3C7370616E207374796C653D22666F6E742D7765696768743A6E6F726D616C3B666F6E742D66616D696C793A2671756F743B54696D6573204E657720526F6D616E2671756F743B3B666F6E742D73697A653A3770743B6C696E652D6865696768743A6E6F726D616C223E266E6273703B266E6273703B266E6273703B266E6273703B266E6273703B3C2F7370616E3E3C7370616E207374796C653D22666F6E742D66616D696C793A2671756F743B4D6963726F736F66742059614865692055492671756F743B2C2073616E732D73657269663B666F6E742D73697A653A31332E3570743B6C696E652D6865696768743A31303725223EE4BB94E7BB86E58886E69E90E4BBA5E4B88BE7A88BE5BA8FEFBC8CE8AFB4E587BAE7A88BE5BA8FE79A84E58F8AE69C80E7BB88E68993E58DB0E79A84E7BB93E69E9CE380823C2F7370616E3E3C2F703E3C707265206C616E673D224A61766122207468656D653D226C69676874223E3C64697620636C6173733D2274622D636F64652D6C696E652D6E756D6265722D6267223E3C2F6469763E3C64697620636C6173733D2274622D636F64652D636F6E74656E74223E3C64697620636C6173733D2274622D636F64652D6C696E65223E3C636F64653E3C7370616E20636C6173733D2274622D686C2D6B6579776F7264223E7075626C69633C2F7370616E3E266E6273703B3C7370616E20636C6173733D2274622D686C2D6B6579776F7264223E636C6173733C2F7370616E3E266E6273703B64656D6F207B266E6273703B3C2F636F64653E3C2F6469763E3C64697620636C6173733D2274622D636F64652D6C696E65223E3C636F64653E266E6273703B266E6273703B266E6273703B266E6273703B3C7370616E20636C6173733D2274622D686C2D6B6579776F7264223E7075626C69633C2F7370616E3E266E6273703B3C7370616E20636C6173733D2274622D686C2D6B6579776F7264223E7374617469633C2F7370616E3E266E6273703B3C7370616E20636C6173733D2274622D686C2D6B6579776F7264223E766F69643C2F7370616E3E266E6273703B3C7370616E20636C6173733D2274622D686C2D66756E6374696F6E223E6D61696E3C2F7370616E3E283C7370616E20636C6173733D2274622D686C2D636C6173732D6E616D65223E537472696E673C2F7370616E3E5B5D206172677329207B266E6273703B3C2F636F64653E3C2F6469763E3C64697620636C6173733D2274622D636F64652D6C696E65223E3C636F64653E266E6273703B266E6273703B266E6273703B266E6273703B266E6273703B266E6273703B266E6273703B266E6273703B3C7370616E20636C6173733D2274622D686C2D6B6579776F7264223E696E743C2F7370616E3E266E6273703B613D3C7370616E20636C6173733D2274622D686C2D6E756D626572223E333C2F7370616E3E2C623D3C7370616E20636C6173733D2274622D686C2D6E756D626572223E373C2F7370616E3E2C633D3C7370616E20636C6173733D2274622D686C2D6E756D626572223E313C2F7370616E3E2C726573756C743B266E6273703B3C2F636F64653E3C2F6469763E3C64697620636C6173733D2274622D636F64652D6C696E65223E3C636F64653E266E6273703B266E6273703B266E6273703B266E6273703B266E6273703B266E6273703B266E6273703B266E6273703B726573756C743D2861266C743B62293F613A623B266E6273703B3C2F636F64653E3C2F6469763E3C64697620636C6173733D2274622D636F64652D6C696E65223E3C636F64653E266E6273703B266E6273703B266E6273703B266E6273703B266E6273703B266E6273703B266E6273703B266E6273703B726573756C743D28726573756C74266C743B63293F726573756C743A633B266E6273703B3C2F636F64653E3C2F6469763E3C64697620636C6173733D2274622D636F64652D6C696E65223E3C636F64653E266E6273703B266E6273703B266E6273703B266E6273703B266E6273703B266E6273703B266E6273703B266E6273703B3C7370616E20636C6173733D2274622D686C2D636C6173732D6E616D65223E53797374656D3C2F7370616E3E2E6F75742E3C7370616E20636C6173733D2274622D686C2D66756E6374696F6E223E7072696E746C6E3C2F7370616E3E283C7370616E20636C6173733D2274622D686C2D737472696E67223E22726573756C74203D20223C2F7370616E3E266E6273703B2B20726573756C74293B266E6273703B3C2F636F64653E3C2F6469763E3C64697620636C6173733D2274622D636F64652D6C696E65223E3C636F64653E266E6273703B266E6273703B266E6273703B266E6273703B7D266E6273703B3C2F636F64653E3C2F6469763E3C64697620636C6173733D2274622D636F64652D6C696E65223E3C636F64653E7D3C2F636F64653E3C2F6469763E3C2F6469763E3C64697620636C6173733D2274622D7072652D6C616E67223E4A6176613C2F6469763E3C2F7072653E3C703E3C62723E3C2F703E, null, null, 0x726573756C74203D2031, '10', 0x3C703EE8BF99E698AFE88083E5AF9FE4B889E79BAEE8BF90E7AE97E7ACA63C2F703E3C703EE4B889E79BAEE8BF90E7AE97E8A784E58899E698AF20E4BE8BE5A682202833266C743B3229203F20313A323B3C2F703E3C703E33266C743B323D66616C736520E5A682E69E9CE698AF66616C7365E5B0B1E58F96EFBC9AE5908EE8BEB9E79A843C2F703E3C703EE4BBA3E585A5E9A298E79BAE202861266C743B62293F613A6220266E6273703B3D613D333C2F703E3C703E28726573756C74266C743B63293F726573756C743A633D633D313C2F703E3C703EE69585E7BB93E69E9CE698AF313C2F703E, '简单', '1', '2021-11-08 10:52:16', '1', '2021-11-08 10:52:16', '0');
INSERT INTO `topic` VALUES ('61', '5', 0x3C703EE5889BE5BBBA696E74E58F98E9878F206E203D2031302CE5B9B6E5B086E585B6E8BDACE68DA2E4B8BA6C6F6E67E7B1BBE59E8B3C62723E3C2F703E, null, null, 0x3C703E3C62723E3C2F703E3C707265206C616E673D224A61766122207468656D653D226C69676874223E3C64697620636C6173733D2274622D636F64652D6C696E652D6E756D6265722D6267223E3C2F6469763E3C64697620636C6173733D2274622D636F64652D636F6E74656E74223E3C64697620636C6173733D2274622D636F64652D6C696E65223E3C636F64653E3C7370616E20636C6173733D2274622D686C2D6B6579776F7264223E7075626C69633C2F7370616E3E266E6273703B3C7370616E20636C6173733D2274622D686C2D6B6579776F7264223E636C6173733C2F7370616E3E266E6273703B64656D6F207B266E6273703B3C2F636F64653E3C2F6469763E3C64697620636C6173733D2274622D636F64652D6C696E65223E3C636F64653E266E6273703B266E6273703B266E6273703B266E6273703B3C7370616E20636C6173733D2274622D686C2D6B6579776F7264223E7075626C69633C2F7370616E3E266E6273703B3C7370616E20636C6173733D2274622D686C2D6B6579776F7264223E7374617469633C2F7370616E3E266E6273703B3C7370616E20636C6173733D2274622D686C2D6B6579776F7264223E766F69643C2F7370616E3E266E6273703B3C7370616E20636C6173733D2274622D686C2D66756E6374696F6E223E6D61696E3C2F7370616E3E283C7370616E20636C6173733D2274622D686C2D636C6173732D6E616D65223E537472696E673C2F7370616E3E5B5D206172677329207B266E6273703B3C2F636F64653E3C2F6469763E3C64697620636C6173733D2274622D636F64652D6C696E65223E3C636F64653E266E6273703B266E6273703B266E6273703B266E6273703B266E6273703B266E6273703B266E6273703B3C7370616E20636C6173733D2274622D686C2D6B6579776F7264223E696E743C2F7370616E3E266E6273703B6E3D3C7370616E20636C6173733D2274622D686C2D6E756D626572223E31303C2F7370616E3E3B266E6273703B3C2F636F64653E3C2F6469763E3C64697620636C6173733D2274622D636F64652D6C696E65223E3C636F64653E266E6273703B266E6273703B266E6273703B266E6273703B266E6273703B266E6273703B266E6273703B3C7370616E20636C6173733D2274622D686C2D6B6579776F7264223E6C6F6E673C2F7370616E3E266E6273703B623D6E3B266E6273703B3C2F636F64653E3C2F6469763E3C64697620636C6173733D2274622D636F64652D6C696E65223E3C636F64653E266E6273703B266E6273703B266E6273703B266E6273703B7D266E6273703B3C2F636F64653E3C2F6469763E3C64697620636C6173733D2274622D636F64652D6C696E65223E3C636F64653E7D3C2F636F64653E3C2F6469763E3C2F6469763E3C64697620636C6173733D2274622D7072652D6C616E67223E4A6176613C2F6469763E3C2F7072653E3C703E3C62723E3C2F703E, '5', 0x3C703EE69A82E697A0E58886E69E903C2F703E, '简单', '1', '2021-11-08 10:52:16', '1', '2021-11-08 11:08:52', '0');
INSERT INTO `topic` VALUES ('62', '5', 0x3C703EE7BC96E7A88BEFBC9AE5AE9AE4B989E4B880E4B8AA20696E7420E7B1BBE59E8BE79A84E58F98E9878F206EEFBC8CE5908CE697B6E5AFB9206E20E8B58BE580BCE4B880E4B8AAE4B889E4BD8DE79A84E695B0E68DAEEFBC8CE58886E588ABE88EB7E58F96206E0AE79A84E4B8AAE4BD8DE38081E58D81E4BD8DE38081E799BEE4BD8DE4B88AE79A84E695B0E580BCEFBC8CE5B9B6E58886E588ABE68993E58DB0E8BE93E587BAE380823C62723E3C2F703E, null, null, 0x3C703E3C62723E3C2F703E3C707265206C616E673D224A61766122207468656D653D226C69676874223E3C64697620636C6173733D2274622D636F64652D6C696E652D6E756D6265722D6267223E3C2F6469763E3C64697620636C6173733D2274622D636F64652D636F6E74656E74223E3C64697620636C6173733D2274622D636F64652D6C696E65223E3C636F64653E3C7370616E20636C6173733D2274622D686C2D6B6579776F7264223E7061636B6167653C2F7370616E3E266E6273703B636F6D2E74616E6D752E64656D6F3B3C2F636F64653E3C2F6469763E3C64697620636C6173733D2274622D636F64652D6C696E65223E3C636F64653E3C62723E3C2F636F64653E3C2F6469763E3C64697620636C6173733D2274622D636F64652D6C696E65223E3C636F64653E3C7370616E20636C6173733D2274622D686C2D6B6579776F7264223E696D706F72743C2F7370616E3E266E6273703B6A6176612E7574696C2E3C7370616E20636C6173733D2274622D686C2D636C6173732D6E616D65223E5363616E6E65723C2F7370616E3E3B3C2F636F64653E3C2F6469763E3C64697620636C6173733D2274622D636F64652D6C696E65223E3C636F64653E3C62723E3C2F636F64653E3C2F6469763E3C64697620636C6173733D2274622D636F64652D6C696E65223E3C636F64653E3C7370616E20636C6173733D2274622D686C2D6B6579776F7264223E7075626C69633C2F7370616E3E266E6273703B3C7370616E20636C6173733D2274622D686C2D6B6579776F7264223E636C6173733C2F7370616E3E266E6273703B64656D6F207B3C2F636F64653E3C2F6469763E3C64697620636C6173733D2274622D636F64652D6C696E65223E3C636F64653E266E6273703B266E6273703B266E6273703B266E6273703B3C7370616E20636C6173733D2274622D686C2D6B6579776F7264223E7075626C69633C2F7370616E3E266E6273703B3C7370616E20636C6173733D2274622D686C2D6B6579776F7264223E7374617469633C2F7370616E3E266E6273703B3C7370616E20636C6173733D2274622D686C2D6B6579776F7264223E766F69643C2F7370616E3E266E6273703B3C7370616E20636C6173733D2274622D686C2D66756E6374696F6E223E6D61696E3C2F7370616E3E283C7370616E20636C6173733D2274622D686C2D636C6173732D6E616D65223E537472696E673C2F7370616E3E5B5D206172677329207B3C2F636F64653E3C2F6469763E3C64697620636C6173733D2274622D636F64652D6C696E65223E3C636F64653E266E6273703B266E6273703B266E6273703B266E6273703B266E6273703B266E6273703B266E6273703B266E6273703B3C7370616E20636C6173733D2274622D686C2D636C6173732D6E616D65223E5363616E6E65723C2F7370616E3E266E6273703B7363616E6E6572203D266E6273703B3C7370616E20636C6173733D2274622D686C2D6B6579776F7264223E6E65773C2F7370616E3E266E6273703B3C7370616E20636C6173733D2274622D686C2D636C6173732D6E616D65223E5363616E6E65723C2F7370616E3E283C7370616E20636C6173733D2274622D686C2D636C6173732D6E616D65223E53797374656D3C2F7370616E3E2E696E293B3C2F636F64653E3C2F6469763E3C64697620636C6173733D2274622D636F64652D6C696E65223E3C636F64653E266E6273703B266E6273703B266E6273703B266E6273703B266E6273703B266E6273703B266E6273703B266E6273703B3C7370616E20636C6173733D2274622D686C2D636C6173732D6E616D65223E53797374656D3C2F7370616E3E2E6F75742E3C7370616E20636C6173733D2274622D686C2D66756E6374696F6E223E7072696E746C6E3C2F7370616E3E283C7370616E20636C6173733D2274622D686C2D737472696E67223E22E8AFB7E8BE93E585A5E4B880E4B8AAE4B889E4BD8DE695B03A223C2F7370616E3E293B3C2F636F64653E3C2F6469763E3C64697620636C6173733D2274622D636F64652D6C696E65223E3C636F64653E266E6273703B266E6273703B266E6273703B266E6273703B266E6273703B266E6273703B266E6273703B266E6273703B3C7370616E20636C6173733D2274622D686C2D6B6579776F7264223E696E743C2F7370616E3E266E6273703B69203D207363616E6E65722E3C7370616E20636C6173733D2274622D686C2D66756E6374696F6E223E6E657874496E743C2F7370616E3E28293B3C2F636F64653E3C2F6469763E3C64697620636C6173733D2274622D636F64652D6C696E65223E3C636F64653E266E6273703B266E6273703B266E6273703B266E6273703B266E6273703B266E6273703B266E6273703B266E6273703B3C7370616E20636C6173733D2274622D686C2D6B6579776F7264223E696E743C2F7370616E3E266E6273703B672C732C623B3C7370616E20636C6173733D2274622D686C2D636F6D6D656E74223E2F2FE4B8AAE4BD8D20E58D81E4BD8D20E799BEE4BD8D3C2F7370616E3E3C2F636F64653E3C2F6469763E3C64697620636C6173733D2274622D636F64652D6C696E65223E3C636F64653E266E6273703B266E6273703B266E6273703B266E6273703B266E6273703B266E6273703B266E6273703B266E6273703B673D69253C7370616E20636C6173733D2274622D686C2D6E756D626572223E31303C2F7370616E3E3B3C2F636F64653E3C2F6469763E3C64697620636C6173733D2274622D636F64652D6C696E65223E3C636F64653E266E6273703B266E6273703B266E6273703B266E6273703B266E6273703B266E6273703B266E6273703B266E6273703B733D692F3C7370616E20636C6173733D2274622D686C2D6E756D626572223E31303C2F7370616E3E253C7370616E20636C6173733D2274622D686C2D6E756D626572223E31303C2F7370616E3E3B3C2F636F64653E3C2F6469763E3C64697620636C6173733D2274622D636F64652D6C696E65223E3C636F64653E266E6273703B266E6273703B266E6273703B266E6273703B266E6273703B266E6273703B266E6273703B266E6273703B623D692F3C7370616E20636C6173733D2274622D686C2D6E756D626572223E3130303C2F7370616E3E3B3C2F636F64653E3C2F6469763E3C64697620636C6173733D2274622D636F64652D6C696E65223E3C636F64653E266E6273703B266E6273703B266E6273703B266E6273703B266E6273703B266E6273703B266E6273703B266E6273703B3C7370616E20636C6173733D2274622D686C2D636C6173732D6E616D65223E53797374656D3C2F7370616E3E2E6F75742E3C7370616E20636C6173733D2274622D686C2D66756E6374696F6E223E7072696E746C6E3C2F7370616E3E283C7370616E20636C6173733D2274622D686C2D737472696E67223E22E4B8AAE4BD8D203D20223C2F7370616E3E266E6273703B2B2067293B3C2F636F64653E3C2F6469763E3C64697620636C6173733D2274622D636F64652D6C696E65223E3C636F64653E266E6273703B266E6273703B266E6273703B266E6273703B266E6273703B266E6273703B266E6273703B266E6273703B3C7370616E20636C6173733D2274622D686C2D636C6173732D6E616D65223E53797374656D3C2F7370616E3E2E6F75742E3C7370616E20636C6173733D2274622D686C2D66756E6374696F6E223E7072696E746C6E3C2F7370616E3E283C7370616E20636C6173733D2274622D686C2D737472696E67223E22E58D81E4BD8D203D20223C2F7370616E3E266E6273703B2B2073293B3C2F636F64653E3C2F6469763E3C64697620636C6173733D2274622D636F64652D6C696E65223E3C636F64653E266E6273703B266E6273703B266E6273703B266E6273703B266E6273703B266E6273703B266E6273703B266E6273703B3C7370616E20636C6173733D2274622D686C2D636C6173732D6E616D65223E53797374656D3C2F7370616E3E2E6F75742E3C7370616E20636C6173733D2274622D686C2D66756E6374696F6E223E7072696E746C6E3C2F7370616E3E283C7370616E20636C6173733D2274622D686C2D737472696E67223E22E799BEE4BD8D203D20223C2F7370616E3E266E6273703B2B2062293B3C2F636F64653E3C2F6469763E3C64697620636C6173733D2274622D636F64652D6C696E65223E3C636F64653E3C62723E3C2F636F64653E3C2F6469763E3C64697620636C6173733D2274622D636F64652D6C696E65223E3C636F64653E266E6273703B266E6273703B266E6273703B266E6273703B7D3C2F636F64653E3C2F6469763E3C64697620636C6173733D2274622D636F64652D6C696E65223E3C636F64653E7D3C2F636F64653E3C2F6469763E3C2F6469763E3C64697620636C6173733D2274622D7072652D6C616E67223E4A6176613C2F6469763E3C2F7072653E3C703E3C62723E3C2F703E, '10', 0x3C703EE58886E69E90E8A781E7AD94E6A1883C2F703E, '简单', '1', '2021-11-08 10:58:14', '1', '2021-11-08 11:09:31', '0');
INSERT INTO `topic` VALUES ('63', '5', 0x3C703EE7BC96E7A88BEFBC9AE5AE9AE4B989E4B880E4B8AA20696E7420E7B1BBE59E8BE79A84E58F98E9878F2061EFBC8CE8AFB7E794A8E8A1A8E8BEBEE5BC8FE588A4E696AD206120E698AFE590A6E4B8BAE581B6E695B0EFBC8CE5B086E7BB93E69E9CE68993E58DB00AE8BE93E587BAE380823C62723E3C2F703E, null, null, 0x3C703E3C62723E3C2F703E3C707265206C616E673D224A61766122207468656D653D226C69676874223E3C64697620636C6173733D2274622D636F64652D6C696E652D6E756D6265722D6267223E3C2F6469763E3C64697620636C6173733D2274622D636F64652D636F6E74656E74223E3C64697620636C6173733D2274622D636F64652D6C696E65223E3C636F64653E3C7370616E20636C6173733D2274622D686C2D6B6579776F7264223E7075626C69633C2F7370616E3E266E6273703B3C7370616E20636C6173733D2274622D686C2D6B6579776F7264223E636C6173733C2F7370616E3E266E6273703B64656D6F207B266E6273703B3C2F636F64653E3C2F6469763E3C64697620636C6173733D2274622D636F64652D6C696E65223E3C636F64653E266E6273703B266E6273703B266E6273703B266E6273703B3C7370616E20636C6173733D2274622D686C2D6B6579776F7264223E7075626C69633C2F7370616E3E266E6273703B3C7370616E20636C6173733D2274622D686C2D6B6579776F7264223E7374617469633C2F7370616E3E266E6273703B3C7370616E20636C6173733D2274622D686C2D6B6579776F7264223E766F69643C2F7370616E3E266E6273703B3C7370616E20636C6173733D2274622D686C2D66756E6374696F6E223E6D61696E3C2F7370616E3E283C7370616E20636C6173733D2274622D686C2D636C6173732D6E616D65223E537472696E673C2F7370616E3E5B5D206172677329207B266E6273703B3C2F636F64653E3C2F6469763E3C64697620636C6173733D2274622D636F64652D6C696E65223E3C636F64653E266E6273703B266E6273703B266E6273703B266E6273703B266E6273703B266E6273703B3C7370616E20636C6173733D2274622D686C2D6B6579776F7264223E696E743C2F7370616E3E266E6273703B613D3C7370616E20636C6173733D2274622D686C2D6E756D626572223E31303C2F7370616E3E3B266E6273703B3C2F636F64653E3C2F6469763E3C64697620636C6173733D2274622D636F64652D6C696E65223E3C636F64653E266E6273703B266E6273703B266E6273703B266E6273703B266E6273703B266E6273703B3C7370616E20636C6173733D2274622D686C2D6B6579776F7264223E69663C2F7370616E3E2861253C7370616E20636C6173733D2274622D686C2D6E756D626572223E323C2F7370616E3E3D3D3C7370616E20636C6173733D2274622D686C2D6E756D626572223E303C2F7370616E3E297B266E6273703B3C2F636F64653E3C2F6469763E3C64697620636C6173733D2274622D636F64652D6C696E65223E3C636F64653E266E6273703B266E6273703B266E6273703B266E6273703B266E6273703B266E6273703B266E6273703B266E6273703B266E6273703B266E6273703B3C7370616E20636C6173733D2274622D686C2D636C6173732D6E616D65223E53797374656D3C2F7370616E3E2E6F75742E3C7370616E20636C6173733D2274622D686C2D66756E6374696F6E223E7072696E746C6E3C2F7370616E3E283C7370616E20636C6173733D2274622D686C2D737472696E67223E22E698AFE581B6E695B0223C2F7370616E3E293B266E6273703B3C2F636F64653E3C2F6469763E3C64697620636C6173733D2274622D636F64652D6C696E65223E3C636F64653E266E6273703B266E6273703B266E6273703B266E6273703B266E6273703B266E6273703B7D3C7370616E20636C6173733D2274622D686C2D6B6579776F7264223E656C73653C2F7370616E3E7B266E6273703B3C2F636F64653E3C2F6469763E3C64697620636C6173733D2274622D636F64652D6C696E65223E3C636F64653E266E6273703B266E6273703B266E6273703B266E6273703B266E6273703B266E6273703B266E6273703B266E6273703B266E6273703B266E6273703B3C7370616E20636C6173733D2274622D686C2D636C6173732D6E616D65223E53797374656D3C2F7370616E3E2E6F75742E3C7370616E20636C6173733D2274622D686C2D66756E6374696F6E223E7072696E746C6E3C2F7370616E3E283C7370616E20636C6173733D2274622D686C2D737472696E67223E22E4B88DE698AFE581B6E695B0223C2F7370616E3E293B266E6273703B3C2F636F64653E3C2F6469763E3C64697620636C6173733D2274622D636F64652D6C696E65223E3C636F64653E266E6273703B266E6273703B266E6273703B266E6273703B266E6273703B266E6273703B7D266E6273703B3C2F636F64653E3C2F6469763E3C64697620636C6173733D2274622D636F64652D6C696E65223E3C636F64653E266E6273703B266E6273703B266E6273703B266E6273703B7D266E6273703B3C2F636F64653E3C2F6469763E3C64697620636C6173733D2274622D636F64652D6C696E65223E3C636F64653E7D266E6273703B3C2F636F64653E3C2F6469763E3C2F6469763E3C64697620636C6173733D2274622D7072652D6C616E67223E4A6176613C2F6469763E3C2F7072653E3C703E3C62723E3C2F703E, '10', 0x3C703EE7AD94E6A188E58886E69E903C62723E3C2F703E, '中等', '1', '2021-11-08 10:58:14', '1', '2021-11-08 11:09:53', '0');
INSERT INTO `topic` VALUES ('64', '5', 0x3C703E266E6273703BE7BC96E7A88BEFBC9AE5AE9AE4B989E4B8A4E4B8AA20696E7420E7B1BBE59E8BE79A84E58F98E9878F206D20E5928C206EEFBC8CE8AFB7E794A8E8A1A8E8BEBEE5BC8FE588A4E696AD206E20E698AFE590A6E4B8BA206D20E79A84E59BA00AE5AD90EFBC8CE5B086E7BB93E69E9CE5AD98E582A8E59CA8E5AFB9E5BA94E7B1BBE59E8BE79A84E58F98E9878FE4B8ADEFBC8CE5B9B6E5B086E7BB93E69E9CE68993E58DB0E8BE93E587BAE380823C62723E3C2F703E, null, null, 0x3C703E3C62723E3C2F703E3C707265206C616E673D224A61766122207468656D653D226C69676874223E3C64697620636C6173733D2274622D636F64652D6C696E652D6E756D6265722D6267223E3C2F6469763E3C64697620636C6173733D2274622D636F64652D636F6E74656E74223E3C64697620636C6173733D2274622D636F64652D6C696E65223E3C636F64653E3C7370616E20636C6173733D2274622D686C2D6B6579776F7264223E7075626C69633C2F7370616E3E266E6273703B3C7370616E20636C6173733D2274622D686C2D6B6579776F7264223E636C6173733C2F7370616E3E266E6273703B64656D6F207B3C2F636F64653E3C2F6469763E3C64697620636C6173733D2274622D636F64652D6C696E65223E3C636F64653E266E6273703B266E6273703B266E6273703B266E6273703B3C7370616E20636C6173733D2274622D686C2D6B6579776F7264223E7075626C69633C2F7370616E3E266E6273703B3C7370616E20636C6173733D2274622D686C2D6B6579776F7264223E7374617469633C2F7370616E3E266E6273703B3C7370616E20636C6173733D2274622D686C2D6B6579776F7264223E766F69643C2F7370616E3E266E6273703B3C7370616E20636C6173733D2274622D686C2D66756E6374696F6E223E6D61696E3C2F7370616E3E283C7370616E20636C6173733D2274622D686C2D636C6173732D6E616D65223E537472696E673C2F7370616E3E5B5D206172677329207B3C2F636F64653E3C2F6469763E3C64697620636C6173733D2274622D636F64652D6C696E65223E3C636F64653E266E6273703B266E6273703B266E6273703B266E6273703B266E6273703B266E6273703B266E6273703B266E6273703B3C7370616E20636C6173733D2274622D686C2D6B6579776F7264223E696E743C2F7370616E3E266E6273703B6D3D3C7370616E20636C6173733D2274622D686C2D6E756D626572223E31323C2F7370616E3E2C6E3D3C7370616E20636C6173733D2274622D686C2D6E756D626572223E343C2F7370616E3E3B3C2F636F64653E3C2F6469763E3C64697620636C6173733D2274622D636F64652D6C696E65223E3C636F64653E266E6273703B266E6273703B266E6273703B266E6273703B266E6273703B266E6273703B266E6273703B266E6273703B3C7370616E20636C6173733D2274622D686C2D636C6173732D6E616D65223E53797374656D3C2F7370616E3E2E6F75742E3C7370616E20636C6173733D2274622D686C2D66756E6374696F6E223E7072696E746C6E3C2F7370616E3E286D253C7370616E20636C6173733D2274622D686C2D6E756D626572223E343C2F7370616E3E3D3D3C7370616E20636C6173733D2274622D686C2D6E756D626572223E303C2F7370616E3E3F3C7370616E20636C6173733D2274622D686C2D737472696E67223E226EE698AF6DE79A84E59BA0E5AD90223C2F7370616E3E3A3C7370616E20636C6173733D2274622D686C2D737472696E67223E226EE4B88DE698AF6DE79A84E59BA0E5AD90223C2F7370616E3E293B3C2F636F64653E3C2F6469763E3C64697620636C6173733D2274622D636F64652D6C696E65223E3C636F64653E266E6273703B266E6273703B266E6273703B266E6273703B7D3C2F636F64653E3C2F6469763E3C64697620636C6173733D2274622D636F64652D6C696E65223E3C636F64653E7D3C2F636F64653E3C2F6469763E3C2F6469763E3C64697620636C6173733D2274622D7072652D6C616E67223E4A6176613C2F6469763E3C2F7072653E3C703E3C62723E3C2F703E, '10', 0x3C703EE588ABE683B3E5A48DE69D82E4BA8620E99D9EE5B8B8E7AE80E58D95E68A8A3C2F703E, '简单', '1', '2021-11-08 11:02:28', '1', '2021-11-08 11:10:09', '0');
INSERT INTO `topic` VALUES ('65', '0', 0x3C703EE9A298E79BAE3C62723E3C2F703E, 0xE98089E9A1B9317CE98089E9A1B9327CE98089E9A1B9337CE98089E9A1B934, null, 0xE98089E9A1B931, '10', 0x3C703EE7AD94E6A188E58886E69E903C62723E3C2F703E, '简单', '42', '2021-11-10 15:38:11', '42', '2021-11-10 15:38:15', '1');
INSERT INTO `topic` VALUES ('66', '5', 0x3C703EE9A298E79BAE3C62723E3C2F703E, null, null, 0x3C703E313C2F703E, '10', 0x3C703EE7AD94E6A188E58886E69E903C62723E3C2F703E, '简单', '42', '2021-11-10 15:38:56', '42', '2021-11-10 15:38:59', '1');

-- ----------------------------
-- Table structure for user
-- ----------------------------
DROP TABLE IF EXISTS `user`;
CREATE TABLE `user` (
  `id` int(10) NOT NULL AUTO_INCREMENT COMMENT 'ID',
  `name` varchar(50) COLLATE utf8_bin NOT NULL COMMENT '姓名',
  `nick_name` varchar(100) COLLATE utf8_bin DEFAULT NULL COMMENT '昵称',
  `age` int(3) DEFAULT NULL COMMENT '年龄',
  `sex` int(1) DEFAULT NULL COMMENT '性别',
  `phone` varchar(11) COLLATE utf8_bin NOT NULL COMMENT ' 手机号',
  `password` varchar(255) COLLATE utf8_bin NOT NULL COMMENT '密码',
  `key_uuid` varchar(255) COLLATE utf8_bin DEFAULT NULL COMMENT '密钥',
  `number` int(1) DEFAULT NULL COMMENT '密码错误次数',
  `address` varchar(200) COLLATE utf8_bin DEFAULT NULL COMMENT '家庭地址',
  `role` int(1) DEFAULT NULL COMMENT '角色',
  `use_yn` int(1) DEFAULT NULL COMMENT '是否正常使用  0 正常使用  1禁用 ',
  `delete_yn` int(1) DEFAULT NULL COMMENT '是否删除  0未删除  1 已删除',
  `registration_time` datetime DEFAULT NULL COMMENT '注册时间',
  PRIMARY KEY (`id`) USING BTREE,
  UNIQUE KEY `index_phone` (`phone`) USING BTREE COMMENT '唯一索引'
) ENGINE=InnoDB AUTO_INCREMENT=48 DEFAULT CHARSET=utf8 COLLATE=utf8_bin ROW_FORMAT=DYNAMIC COMMENT='用户表';

-- ----------------------------
-- Records of user
-- ----------------------------
INSERT INTO `user` VALUES ('1', '檀木大叔', '檀木大叔', '26', '1', '18292642990', 'a219f924408f9f78607d778253beb91c1068bc1fede6a6510111699421d6b26c', 'a14bb9ab-1439-4b78-ba94-110bf2bbda2b', '0', '610000,610100,610113|高新软件基地', '0', '0', '0', '2021-06-01 10:14:06');
INSERT INTO `user` VALUES ('2', 'EDG', 'EDG牛逼', '28', '1', '13325368999', 'e665984ea9ef474513a4b2b2970d4eb372aaebd903c332ced687f28c06e758b9', 'aa02aa97-74ad-4c62-9556-6ea2dbcacad4', '0', '110000,110100,110101|北京俱乐部', '2', '0', '0', '2021-07-24 10:14:09');
INSERT INTO `user` VALUES ('40', '婷婷', '刘婷', '18', '2', '18629667699', '3144a99b236bce10e2eb705bd4d0791bf1abcf45583d21ec94471dfb55829782', '79a0156b08c4404ebe72b8a53b9a8647', '0', '610000,610100,610116|鱼化寨', '2', '0', '0', '2021-11-07 22:57:57');
INSERT INTO `user` VALUES ('41', 'AuAu', '王金帅', '18', '1', '13366311267', 'd44b4600f475582bfb063a5111a69ad43c489dfcfc799aaa58929dfc73e4c65c', 'ef1f15a133444862844505f62d78ff2a', '0', '370000,370200,370212|中国海洋大学', '2', '0', '0', '2021-11-07 23:14:12');
INSERT INTO `user` VALUES ('42', '妮妮', 'zdk', '22', '1', '15908390204', '1dab4b4da19de6b357ec8aa4a68a25ddc25c999f2959c0d00684900c6e86cf66', '5e2d98f35ce547dba1142096a8b40a82', '0', '510000,511500,511503|#$%%%%%%#54254中国', '1', '0', '0', '2021-11-07 23:23:47');
INSERT INTO `user` VALUES ('43', 'raging', '杨安活', '22', '1', '18316099026', 'c14b27bea037f45d9efe8badda0a5e1bc16a7bcf6438024a4b6396cc047d48dc', '40221a09a1f34d7f8851f3c977cd561b', '0', '110000,110100,110102|程杨酒业', '2', '0', '0', '2021-11-08 08:14:20');
INSERT INTO `user` VALUES ('44', 'AuAu_admin', '金帅', '20', '1', '15254069106', '60de486fa153d982b852ef2ba70a2278c6aed86e7937478461a70c2afc168be2', '21b3671d820f4c5ba63bc313029f4e23', '0', '370000,370200,370212|中国海洋大学', '1', '0', '0', '2021-11-08 08:21:28');
INSERT INTO `user` VALUES ('45', '王小媛', '王媛', '20', '2', '15121401871', '04f871dd18739ded2c028733a3995a42048dba1193e78e1eac14b50bcdd52815', '5665df5fcf6140868b7d6efd8769007d', '0', '420000,420100,420111|湖北省武汉市洪山区', '1', '0', '0', '2021-11-08 08:34:12');
INSERT INTO `user` VALUES ('46', '听说你很好', 'cwj', '23', '1', '17691374508', 'f46c49fcfebb77d7e3b0d2851fca935b4e0c09fa3fb1acfe7e85316e0d047fd2', 'cef8368530c34a58ad85abcbbf7663aa', '0', '610000,610100,610116|山顶上的钟声', '2', '0', '0', '2021-11-10 10:47:39');
INSERT INTO `user` VALUES ('47', '王6', '三三', '18', '1', '13325368978', '123456', null, '0', '测试地址', '1', '0', '1', '2021-11-10 21:30:19');

-- ----------------------------
-- Table structure for user_grade
-- ----------------------------
DROP TABLE IF EXISTS `user_grade`;
CREATE TABLE `user_grade` (
  `id` int(11) NOT NULL AUTO_INCREMENT COMMENT '主键',
  `user_id` int(11) NOT NULL COMMENT '用户id',
  `exam_id` int(11) NOT NULL COMMENT '试卷id',
  `exam_name` varchar(255) DEFAULT NULL COMMENT '试卷名称',
  `grade` double DEFAULT '0' COMMENT '得分',
  `grade_auto` double DEFAULT '0' COMMENT '得分(自动评分)',
  `answer_date` datetime DEFAULT NULL COMMENT '答题日期',
  `answer_time` int(11) DEFAULT NULL COMMENT '答题时长',
  `mark_status` int(11) DEFAULT '0' COMMENT '批改状态 0:待批改 1:批改完成',
  `exam_status` int(11) DEFAULT '0' COMMENT '试卷状态 0:未完成  1:批改中 2:已完成',
  `mark_date` datetime DEFAULT NULL COMMENT '批改日期',
  `delete_yn` int(10) DEFAULT NULL COMMENT '是否删除  0未删除  1 已删除',
  PRIMARY KEY (`id`) USING BTREE
) ENGINE=InnoDB AUTO_INCREMENT=45 DEFAULT CHARSET=utf8 ROW_FORMAT=DYNAMIC;

-- ----------------------------
-- Records of user_grade
-- ----------------------------
INSERT INTO `user_grade` VALUES ('41', '2', '20', 'Day01-环境搭建', '90', '35', '2021-11-07 20:58:57', '24', '1', '2', '2021-11-07 21:00:10', '0');
INSERT INTO `user_grade` VALUES ('42', '41', '20', 'Day01-环境搭建', '107', '40', '2021-11-07 23:26:57', '725', '1', '2', '2021-11-08 00:00:43', '0');
INSERT INTO `user_grade` VALUES ('43', '2', '26', 'Day02 - 变量/数据类型', '106', '35', '2021-11-08 11:06:37', '85', '1', '2', '2021-11-08 11:12:42', '0');
INSERT INTO `user_grade` VALUES ('44', '42', '26', 'Day02 - 变量/数据类型', '0', '0', '2021-11-08 14:23:22', '119', '1', '2', '2021-11-09 19:16:32', '0');

-- ----------------------------
-- Table structure for user_topic
-- ----------------------------
DROP TABLE IF EXISTS `user_topic`;
CREATE TABLE `user_topic` (
  `id` int(11) NOT NULL AUTO_INCREMENT COMMENT '主键',
  `user_id` int(11) DEFAULT NULL COMMENT '用户id',
  `exam_id` int(11) DEFAULT NULL COMMENT '试卷id',
  `topic_id` int(11) DEFAULT NULL COMMENT '题目id',
  `topic_type` varchar(255) DEFAULT NULL COMMENT '题目类型',
  `user_answer` text COMMENT '用户答案',
  `user_score` double DEFAULT NULL COMMENT '用户得分',
  `topic_status` int(10) DEFAULT NULL COMMENT '0:待批改 1:批改完成',
  `delete_yn` int(10) DEFAULT NULL COMMENT '是否删除  0未删除  1 已删除',
  PRIMARY KEY (`id`) USING BTREE
) ENGINE=InnoDB AUTO_INCREMENT=613 DEFAULT CHARSET=utf8 ROW_FORMAT=DYNAMIC;

-- ----------------------------
-- Records of user_topic
-- ----------------------------
INSERT INTO `user_topic` VALUES ('539', '2', '20', '25', '0', '一个源文件中，最多定义一个 main 函数', '5', '1', '0');
INSERT INTO `user_topic` VALUES ('540', '2', '20', '26', '0', 'public static void main(String[] args){}', '5', '1', '0');
INSERT INTO `user_topic` VALUES ('541', '2', '20', '27', '1', 'LoveJava|', '5', '1', '0');
INSERT INTO `user_topic` VALUES ('542', '2', '20', '28', '0', '面向对象', '5', '1', '0');
INSERT INTO `user_topic` VALUES ('543', '2', '20', '29', '2', 'true', '5', '1', '0');
INSERT INTO `user_topic` VALUES ('544', '2', '20', '30', '2', 'false', '5', '1', '0');
INSERT INTO `user_topic` VALUES ('545', '2', '20', '31', '4', '1', '5', '1', '0');
INSERT INTO `user_topic` VALUES ('546', '2', '20', '32', '4', '1', '5', '1', '0');
INSERT INTO `user_topic` VALUES ('547', '2', '20', '33', '4', '1', '5', '1', '0');
INSERT INTO `user_topic` VALUES ('548', '2', '20', '34', '3', '1|1|1', '10', '1', '0');
INSERT INTO `user_topic` VALUES ('549', '2', '20', '35', '3', '1|1|1', '10', '1', '0');
INSERT INTO `user_topic` VALUES ('550', '2', '20', '36', '3', '1|1', '5', '1', '0');
INSERT INTO `user_topic` VALUES ('551', '2', '20', '37', '3', '1|1', '5', '1', '0');
INSERT INTO `user_topic` VALUES ('552', '2', '20', '38', '1', '单行注释//|', '5', '1', '0');
INSERT INTO `user_topic` VALUES ('553', '2', '20', '39', '4', '1', '0', '1', '0');
INSERT INTO `user_topic` VALUES ('554', '2', '20', '41', '5', '<p>1</p>', '0', '1', '0');
INSERT INTO `user_topic` VALUES ('555', '2', '20', '42', '5', '<p>1</p>', '10', '1', '0');
INSERT INTO `user_topic` VALUES ('556', '41', '20', '25', '0', '一个源文件中，最多定义一个 main 函数', '5', '1', '0');
INSERT INTO `user_topic` VALUES ('557', '41', '20', '26', '0', 'public static void main(String[] args){}', '5', '1', '0');
INSERT INTO `user_topic` VALUES ('558', '41', '20', '27', '1', 'LoveJava|Hello_World', '5', '1', '0');
INSERT INTO `user_topic` VALUES ('559', '41', '20', '28', '0', '面向对象', '5', '1', '0');
INSERT INTO `user_topic` VALUES ('560', '41', '20', '29', '2', 'true', '5', '1', '0');
INSERT INTO `user_topic` VALUES ('561', '41', '20', '30', '2', 'false', '5', '1', '0');
INSERT INTO `user_topic` VALUES ('562', '41', '20', '31', '4', '解释型', '1', '1', '0');
INSERT INTO `user_topic` VALUES ('563', '41', '20', '32', '4', '第一个为程序入口', '1', '1', '0');
INSERT INTO `user_topic` VALUES ('564', '41', '20', '33', '4', 'System.out.println(\"\");', '2', '1', '0');
INSERT INTO `user_topic` VALUES ('565', '41', '20', '34', '3', '跨平台|封装|继承', '10', '1', '0');
INSERT INTO `user_topic` VALUES ('566', '41', '20', '35', '3', 'JAVASE|JAVAEE|JAVAME', '10', '1', '0');
INSERT INTO `user_topic` VALUES ('567', '41', '20', '36', '3', 'D:\\zpark\\JDK|D:\\zpark\\JDK\\bin', '10', '1', '0');
INSERT INTO `user_topic` VALUES ('568', '41', '20', '37', '3', '.java|.class', '10', '1', '0');
INSERT INTO `user_topic` VALUES ('569', '41', '20', '38', '1', '单行注释//|文档注释/** */|多行注释/* */', '10', '1', '0');
INSERT INTO `user_topic` VALUES ('570', '41', '20', '39', '4', '封装同一类的程序', '3', '1', '0');
INSERT INTO `user_topic` VALUES ('571', '41', '20', '41', '5', '<p><br></p><pre lang=\"Java\" theme=\"light\"><div class=\"tb-code-line-number-bg\"></div><div class=\"tb-code-content\"><div class=\"tb-code-line\"><code><span class=\"tb-hl-class-name\">System</span>.out.<span class=\"tb-hl-function\">println</span>(<span class=\"tb-hl-string\">\"helloworld\"</span>)</code></div></div><div class=\"tb-pre-lang\">Java</div></pre><p><br></p>', '10', '1', '0');
INSERT INTO `user_topic` VALUES ('572', '41', '20', '42', '5', '<p><br></p><pre lang=\"Java\" theme=\"light\"><div class=\"tb-code-line-number-bg\"></div><div class=\"tb-code-content\"><div class=\"tb-code-line\"><code><span class=\"tb-hl-class-name\">System</span>.out.<span class=\"tb-hl-function\">print</span>(<span class=\"tb-hl-string\">\"欢迎进入檀木通讯录系统\\n1. 查询所有联系人\\n2. 根据 id 查询联系人\\n3. 根据 id 修改联系人\\n4. 根据 id 删除联系人\\n5. 添加联系人\\n6. 根据姓名查询联系人\\n7. 清空联系人\\n8. 退出系统\"</span>)</code></div></div><div class=\"tb-pre-lang\">Java</div></pre><p><br></p>', '10', '1', '0');
INSERT INTO `user_topic` VALUES ('573', '2', '26', '45', '0', 'float f=12.3', '5', '1', '0');
INSERT INTO `user_topic` VALUES ('574', '2', '26', '46', '0', 'char 类型数据不能直接转换为 boolean 类型数据', '5', '1', '0');
INSERT INTO `user_topic` VALUES ('575', '2', '26', '47', '0', 'a 的值为 2，b 的值为 3，c 的值为 2', '0', '1', '0');
INSERT INTO `user_topic` VALUES ('576', '2', '26', '48', '1', 'byte|short|int|long|float|double|char|boolean', '10', '1', '0');
INSERT INTO `user_topic` VALUES ('577', '2', '26', '49', '2', 'true', '5', '1', '0');
INSERT INTO `user_topic` VALUES ('578', '2', '26', '50', '2', 'false', '5', '1', '0');
INSERT INTO `user_topic` VALUES ('579', '2', '26', '51', '3', '1', '1', '1', '0');
INSERT INTO `user_topic` VALUES ('580', '2', '26', '52', '3', '1', '1', '1', '0');
INSERT INTO `user_topic` VALUES ('581', '2', '26', '53', '3', '1|1|1', '1', '1', '0');
INSERT INTO `user_topic` VALUES ('582', '2', '26', '54', '3', '1', '1', '1', '0');
INSERT INTO `user_topic` VALUES ('583', '2', '26', '55', '3', '1', '1', '1', '0');
INSERT INTO `user_topic` VALUES ('584', '2', '26', '56', '0', 'y=x*x', '5', '1', '0');
INSERT INTO `user_topic` VALUES ('585', '2', '26', '57', '4', '1', '10', '1', '0');
INSERT INTO `user_topic` VALUES ('586', '2', '26', '58', '4', '1', '10', '1', '0');
INSERT INTO `user_topic` VALUES ('587', '2', '26', '59', '4', '1', '10', '1', '0');
INSERT INTO `user_topic` VALUES ('588', '2', '26', '60', '4', '1', '10', '1', '0');
INSERT INTO `user_topic` VALUES ('589', '2', '26', '61', '5', '<p>1</p>', '5', '1', '0');
INSERT INTO `user_topic` VALUES ('590', '2', '26', '62', '5', '<p>1</p>', '10', '1', '0');
INSERT INTO `user_topic` VALUES ('591', '2', '26', '63', '5', '<p>1</p>', '10', '1', '0');
INSERT INTO `user_topic` VALUES ('592', '2', '26', '64', '5', '<p>1</p>', '1', '1', '0');
INSERT INTO `user_topic` VALUES ('593', '42', '26', '45', '0', 'int a', '0', '1', '0');
INSERT INTO `user_topic` VALUES ('594', '42', '26', '46', '0', 'char 类型数据只能转换为 int 类型的数据', '0', '1', '0');
INSERT INTO `user_topic` VALUES ('595', '42', '26', '47', '0', 'a 的值为 2，b 的值为 4，c 的值为 2', '0', '1', '0');
INSERT INTO `user_topic` VALUES ('596', '42', '26', '48', '1', 'char|boolean|byte|short|int|long|float|double|String', '0', '1', '0');
INSERT INTO `user_topic` VALUES ('597', '42', '26', '49', '2', 'false', '0', '1', '0');
INSERT INTO `user_topic` VALUES ('598', '42', '26', '50', '2', 'true', '0', '1', '0');
INSERT INTO `user_topic` VALUES ('599', '42', '26', '51', '3', 'ergerg中国！##@￥@#￥@#￥', '0', '1', '0');
INSERT INTO `user_topic` VALUES ('600', '42', '26', '52', '3', '234234@￥#@#@#', '0', '1', '0');
INSERT INTO `user_topic` VALUES ('601', '42', '26', '53', '3', '234234@￥#@#@#234234@￥#@#@#234234@￥#@#@#234234@￥#@#@#234234@￥#@#@#234234@￥#@#@#234234@￥#@#@#234234@￥#@#@#234234@￥#@#@#234234@￥#@#@#234234@￥#@#@#234234@￥#@#@#234234@￥#@#@#234234@￥#@#@#234234@￥#@#@#234234@￥#@#@#234234@￥#@#@#234234@￥#@#@#234234@￥#@#@#234234@￥#@#@#234234@￥#@#@#234234@￥#@#@#234234@￥#@#@#234234@￥#@#@#234234@￥#@#@#234234@￥#@#@#234234@￥#@#@#234234@￥#@#@#234234@￥#@#@#234234@￥#@#@#234234@￥445#@#@#234234@￥#@#@#234234@￥#@#@#234234@￥#@#@#234234@￥#@#@#234234@￥#@#@#234234@￥#@#@#234234@￥#@#@#234234@￥#@#@#234234@￥#@#@#234234@￥#@#@#234234@￥#@#@#234234@￥#@#@#234234@￥#@#@#234234@￥#@#@#234234@￥#@#@#234234@￥#@#@#234234@￥#@#@#234234@￥#@#@#234234@￥#@#@#234234@￥#@#@#234234@￥#@#@#234234@￥#@#@#234234@￥#@#@#234234@￥#@#@#234234@￥#@#@#234234@￥#@#@#234234@￥#@#@#234234@￥#@#t￥#@#@#234234@￥#@#@#234234@￥#@#@#234234@￥#@#@#234234@￥#@#@#234234@￥#@#@#234234@￥#@#@#234234@￥#@#@#234234@￥#@#@#|234234@￥#@#@#234234@￥#@#@#234234@￥#@#@#234234@￥#@#@#234234@￥#@#@#234234@￥#@#@#234234@￥#@#@#234234@￥#@#@#234234@￥#@#@#234234@￥#@#@#234234@￥#@#@#234234@￥#@#@#234234@￥#@#@#234234@￥#@#@#234234@￥#@#@#234234@￥#@#@#234234@￥#@#@#234234@￥#@#@#234234@￥#@#@#234234@￥#@#@#234234@￥#@#@#234234@￥#@#@#234234@￥#@#@#234234@￥#@#@#234234@￥#@#@#234234@￥#@#@#234234@￥#@#@#234234@￥#@#@#234234@￥#@#@#234234@￥#@#@#234234@￥#@#@#234234@￥#@#@#234234@￥#@#@#234234@￥#@#@#234234@￥#@#@#234234@￥#@#@#234234@￥#@#@#234234@￥#@#@#234234@￥#@#@#234234@￥#@#@#234234@￥#@#@#234234@￥#@#@#234234@￥#@#@#234234@￥#@#@#234234@￥#@#@#234234@￥#@#@#234234@￥#@#@#234234@￥#@#@#234234@￥#@#@#234234@￥#@#@#234234@￥#@#@#234234@￥#@#@#234234@￥#@#@#234234@￥#@#@#234234@￥#@#@#234234@￥#@#@#234234@￥#@#@#234234@￥#@#@#234234@￥#@#@#234234@￥#@#@#234234@￥#@#@#234234@￥#@#@#234234@￥#@#@#234234@￥#@#@#234234@￥#@#@#234234@￥#@#@#234234@￥#@#@#234234@￥#@#@#234234@￥#@#@#234234@￥#@#@#234234@￥#@#@#234234@￥#@#@#234234@￥#@#@#234234@￥#@#@#234234@￥#@#@#234234@￥#@#@#234234@￥#@#@#234234@￥#@#@#234234@￥#@#@#234234@￥#@#@#234234@￥#@#@#234234@￥#@#@#234234@￥#@#@#234234@￥#@#@#234234@￥#@#@#234234@￥#@#@#234234@￥#@#@#234234@￥#@#@#234234@￥#@#@#234234@￥#@#@#234234@￥#@#@#234234@￥#@#@#234234@￥#@#@#234234@￥#@#@#234234@￥#@#@#234234@￥#@#@#234234@￥#@#@#234234@￥#@#@#234234@￥#@#@#234234@￥#@#@#234234@￥#@#@#234234@￥#@#@#234234@￥#@#@#234234@￥#@#@#234234@￥#@#@#234234@￥#@#@#234234@￥#@#@#234234@￥#@#@#234234@￥#@#@#234234@￥#@#@#234234@￥#@#@#234234@￥#@#@#234234@￥#@#@#234234@￥#@#@#234234@￥#@#@#234234@￥#@#@#234234@￥#@#@#234234@￥#@#@#234234@￥#@#@#234234@￥#@#@#234234@￥#@#@#234234@￥#@#@#234234@￥#@#@#234234@￥#@#@#234234@￥#@#@#234234@￥#@#@#234234@￥#@#@#234234@￥#@#@#234234@￥#@#@#234234@￥#@#@#234234@￥#@#@#234234@￥#@#@#234234@￥#@#@#234234@￥#@#@#234234@￥#@#@#234234@￥#@#@#234234@￥#@#@#234234@￥#@#@#234234@￥#@#@#234234@￥#@#@#234234@￥#@#@#234234@￥#@#@#234234@￥#@#@#234234@￥#@#@#234234@￥#@#@#234234@￥#@#@#234234@￥#@#@#234234@￥#@#@#234234@￥#@#@#234234@￥#@#@#234234@￥#@#@#234234@￥#@#@#234234@￥#@#@#234234@￥#@#@#234234@￥#@#@#234234@￥#@#@#234234@￥#@#@#234234@￥#@#@#234234@￥#@#@#234234@￥#@#@#234234@￥#@#@#234234@￥#@#@#|1213', '0', '1', '0');
INSERT INTO `user_topic` VALUES ('602', '42', '26', '54', '3', '234234@￥#@#@#234234@￥#@#@#234234@￥#@#@#234234@￥#@#@#234234@￥#@#@#234234@￥#@#@#234234@￥#@#@#234234@￥#@#@#234234@￥#@#@#234234@￥#@#@#234234@￥#@#@#234234@￥#@#@#234234@￥#@#@#234234@￥#@#@#234234@￥#@#@#234234@￥#@#@#234234@￥#@#@#234234@￥#@#@#', '0', '1', '0');
INSERT INTO `user_topic` VALUES ('603', '42', '26', '55', '3', '234234@￥#@#@#234234@￥#@#@#234234@￥#@#@#234234@￥#@#@#234234@￥#@#@#234234@￥#@#@#234234@￥#@#@#234234@￥#@#@#234234@￥#@#@#234234@￥#@#@#234234@￥#@#@#234234@￥#@#@#234234@￥#@#@#234234@￥#@#@#234234@￥#@#@#234234@￥#@#@#234234@￥#@#@#234234@￥#@#@#', '0', '1', '0');
INSERT INTO `user_topic` VALUES ('604', '42', '26', '56', '0', '-z > x-y', '0', '1', '0');
INSERT INTO `user_topic` VALUES ('605', '42', '26', '57', '4', '234234@￥#@#@#234234@￥#@#@#234234@￥#@#@#234234@￥#@#@#234234@￥#@#@#234234@￥#@#@#234234@￥#@#@#234234@￥#@#@#234234@￥#@#@#234234@￥#@#@#234234@￥#@#@#234234@￥#@#@#234234@￥#@#@#234234@￥#@#@#234234@￥#@#@#234234@￥#@#@#234234@￥#@#@#234234@￥#@#@#234234@￥#@#@#234234@￥#@#@#234234@￥#@#@#234234@￥#@#@#234234@￥#@#@#234234@￥#@#@#234234@￥#@#@#234234@￥#@#@#234234@￥#@#@#234234@￥#@#@#234234@￥#@#@#234234@￥#@#@#234234@￥#@#@#234234@￥#@#@#234234@￥#@#@#234234@￥#@#@#234234@￥#@#@#234234@￥#@#@#234234@￥#@#@#234234@￥#@#@#234234@￥#@#@#234234@￥#@#@#234234@￥#@#@#234234@￥#@#@#234234@￥#@#@#234234@￥#@#@#234234@￥#@#@#234234@￥#@#@#234234@￥#@#@#234234@￥#@#@#234234@￥#@#@#234234@￥#@#@#234234@￥#@#@#234234@￥#@#@#234234@￥#@#@#234234@￥#@#@#', '0', '1', '0');
INSERT INTO `user_topic` VALUES ('606', '42', '26', '58', '4', '234234@￥#@#@#234234@￥#@#@#234234@￥#@#@#234234@￥#@#@#234234@￥#@#@#234234@￥#@#@#234234@￥#@#@#234234@￥#@#@#234234@￥#@#@#234234@￥#@#@#234234@￥#@#@#234234@￥#@#@#234234@￥#@#@#234234@￥#@#@#234234@￥#@#@#234234@￥#@#@#234234@￥#@#@#234234@￥#@#@#234234@￥#@#@#234234@￥#@#@#234234@￥#@#@#234234@￥#@#@#234234@￥#@#@#234234@￥#@#@#234234@￥#@#@#234234@￥#@#@#234234@￥#@#@#234234@￥#@#@#234234@￥#@#@#234234@￥#@#@#234234@￥#@#@#234234@￥#@#@#234234@￥#@#@#234234@￥#@#@#234234@￥#@#@#234234@￥#@#@#234234@￥#@#@#234234@￥#@#@#234234@￥#@#@#234234@￥#@#@#234234@￥#@#@#234234@￥#@#@#234234@￥#@#@#234234@￥#@#@#234234@￥#@#@#234234@￥#@#@#234234@￥#@#@#234234@￥#@#@#234234@￥#@#@#234234@￥#@#@#234234@￥#@#@#234234@￥#@#@#234234@￥#@#@#234234@￥#@#@#234234@￥#@#@#234234@￥#@#@#234234@￥#@#@#234234@￥#@#@#234234@￥#@#@#234234@￥#@#@#234234@￥#@#@#234234@￥#@#@#234234@￥#@#@#234234@￥#@#@#234234@￥#@#@#234234@￥#@#@#234234@￥#@#@#234234@￥#@#@#234234@￥#@#@#234234@￥#@#@#234234@￥#@#@#234234@￥#@#@#', '0', '1', '0');
INSERT INTO `user_topic` VALUES ('607', '42', '26', '59', '4', '234234@￥#@#@#234234@￥#@#@#234234@￥#@#@#234234@￥#@#@#234234@￥#@#@#234234@￥#@#@#234234@￥#@#@#234234@￥#@#@#234234@￥#@#@#234234@￥#@#@#234234@￥#@#@#234234@￥#@#@#234234@￥#@#@#234234@￥#@#@#234234@￥#@#@#234234@￥#@#@#234234@￥#@#@#234234@￥#@#@#234234@￥#@#@#234234@￥#@#@#234234@￥#@#@#234234@￥#@#@#234234@￥#@#@#234234@￥#@#@#234234@￥#@#@#234234@￥#@#@#234234@￥#@#@#234234@￥#@#@#234234@￥#@#@#234234@￥#@#@#234234@￥#@#@#234234@￥#@#@#234234@￥#@#@#234234@￥#@#@#234234@￥#@#@#234234@￥#@#@#234234@￥#@#@#234234@￥#@#@#234234@￥#@#@#234234@￥#@#@#234234@￥#@#@#234234@￥#@#@#234234@￥#@#@#234234@￥#@#@#234234@￥#@#@#234234@￥#@#@#234234@￥#@#@#234234@￥#@#@#234234@￥#@#@#234234@￥#@#@#234234@￥#@#@#234234@￥#@#@#234234@￥#@#@#234234@￥#@#@#234234@￥#@#@#234234@￥#@#@#234234@￥#@#@#234234@￥#@#@#234234@￥#@#@#234234@￥#@#@#234234@￥#@#@#234234@￥#@#@#234234@￥#@#@#234234@￥#@#@#234234@￥#@#@#234234@￥#@#@#234234@￥#@#@#234234@￥#@#@#234234@￥#@#@#234234@￥#@#@#234234@￥#@#@#234234@￥#@#@#', '0', '1', '0');
INSERT INTO `user_topic` VALUES ('608', '42', '26', '60', '4', '234234@￥#@#@#234234@￥#@#@#234234@￥#@#@#234234@￥#@#@#234234@￥#@#@#234234@￥#@#@#234234@￥#@#@#234234@￥#@#@#234234@￥#@#@#234234@￥#@#@#234234@￥#@#@#234234@￥#@#@#234234@￥#@#@#234234@￥#@#@#234234@￥#@#@#234234@￥#@#@#234234@￥#@#@#234234@￥#@#@#234234@￥#@#@#234234@￥#@#@#234234@￥#@#@#234234@￥#@#@#234234@￥#@#@#234234@￥#@#@#234234@￥#@#@#234234@￥#@#@#234234@￥#@#@#234234@￥#@#@#234234@￥#@#@#234234@￥#@#@#234234@￥#@#@#234234@￥#@#@#234234@￥#@#@#234234@￥#@#@#234234@￥#@#@#234234@￥#@#@#234234@￥#@#@#234234@￥#@#@#234234@￥#@#@#234234@￥#@#@#234234@￥#@#@#234234@￥#@#@#234234@￥#@#@#234234@￥#@#@#234234@￥#@#@#234234@￥#@#@#234234@￥#@#@#234234@￥#@#@#234234@￥#@#@#234234@￥#@#@#234234@￥#@#@#234234@￥#@#@#234234@￥#@#@#234234@￥#@#@#', '0', '1', '0');
INSERT INTO `user_topic` VALUES ('609', '42', '26', '61', '5', '<p>1</p>', '0', '1', '0');
INSERT INTO `user_topic` VALUES ('610', '42', '26', '62', '5', '<p>2222</p>', '0', '1', '0');
INSERT INTO `user_topic` VALUES ('611', '42', '26', '63', '5', '<p>333333</p>', '0', '1', '0');
INSERT INTO `user_topic` VALUES ('612', '42', '26', '64', '5', '<p>1235224678</p>', '0', '1', '0');
